"","site","doy","smooth_gcc_90_mean","smooth_gcc_90_drought","drought_impact_absolute","map","mat","control_years","drought_years"
"1","vaira",1,0.322576,0.32117,-0.00140599999999996,661.841590909091,16.8756058530511,10,2
"2","vaira",2,0.32262,0.32064,-0.00197999999999998,661.841590909091,16.8756058530511,10,2
"3","vaira",3,0.322778,0.320145,-0.002633,661.841590909091,16.8756058530511,10,2
"4","vaira",4,0.32303,0.31971,-0.00332000000000005,661.841590909091,16.8756058530511,10,2
"5","vaira",5,0.323326,0.319355,-0.003971,661.841590909091,16.8756058530511,10,2
"6","vaira",6,0.32366,0.319125,-0.00453500000000001,661.841590909091,16.8756058530511,10,2
"7","vaira",7,0.324022,0.318995,-0.00502699999999995,661.841590909091,16.8756058530511,10,2
"8","vaira",8,0.324405,0.318935,-0.00547000000000003,661.841590909091,16.8756058530511,10,2
"9","vaira",9,0.324793,0.318935,-0.00585800000000003,661.841590909091,16.8756058530511,10,2
"10","vaira",10,0.325175,0.318985,-0.00618999999999997,661.841590909091,16.8756058530511,10,2
"11","vaira",11,0.325536,0.31909,-0.00644600000000001,661.841590909091,16.8756058530511,10,2
"12","vaira",12,0.32588,0.31924,-0.00664000000000003,661.841590909091,16.8756058530511,10,2
"13","vaira",13,0.326211,0.319435,-0.006776,661.841590909091,16.8756058530511,10,2
"14","vaira",14,0.326541,0.319675,-0.00686600000000004,661.841590909091,16.8756058530511,10,2
"15","vaira",15,0.326881,0.319955,-0.00692599999999999,661.841590909091,16.8756058530511,10,2
"16","vaira",16,0.327229,0.32028,-0.00694899999999998,661.841590909091,16.8756058530511,10,2
"17","vaira",17,0.327576,0.32067,-0.00690599999999997,661.841590909091,16.8756058530511,10,2
"18","vaira",18,0.327924,0.321195,-0.00672899999999998,661.841590909091,16.8756058530511,10,2
"19","vaira",19,0.328273,0.321845,-0.00642799999999999,661.841590909091,16.8756058530511,10,2
"20","vaira",20,0.328635,0.322595,-0.00603999999999999,661.841590909091,16.8756058530511,10,2
"21","vaira",21,0.328994,0.323405,-0.00558900000000001,661.841590909091,16.8756058530511,10,2
"22","vaira",22,0.329324,0.324235,-0.00508900000000001,661.841590909091,16.8756058530511,10,2
"23","vaira",23,0.329609,0.32506,-0.00454899999999997,661.841590909091,16.8756058530511,10,2
"24","vaira",24,0.329846,0.32584,-0.00400599999999995,661.841590909091,16.8756058530511,10,2
"25","vaira",25,0.330068,0.32653,-0.00353800000000004,661.841590909091,16.8756058530511,10,2
"26","vaira",26,0.330296,0.32711,-0.00318599999999997,661.841590909091,16.8756058530511,10,2
"27","vaira",27,0.330545,0.327565,-0.00297999999999998,661.841590909091,16.8756058530511,10,2
"28","vaira",28,0.330852,0.32796,-0.00289199999999995,661.841590909091,16.8756058530511,10,2
"29","vaira",29,0.331225,0.328325,-0.00290000000000001,661.841590909091,16.8756058530511,10,2
"30","vaira",30,0.331679,0.328655,-0.00302399999999997,661.841590909091,16.8756058530511,10,2
"31","vaira",31,0.332233,0.328965,-0.00326800000000005,661.841590909091,16.8756058530511,10,2
"32","vaira",32,0.332868,0.32926,-0.003608,661.841590909091,16.8756058530511,10,2
"33","vaira",33,0.333573,0.329535,-0.00403799999999999,661.841590909091,16.8756058530511,10,2
"34","vaira",34,0.334364,0.329805,-0.00455899999999998,661.841590909091,16.8756058530511,10,2
"35","vaira",35,0.335228,0.33007,-0.00515800000000005,661.841590909091,16.8756058530511,10,2
"36","vaira",36,0.336115,0.33033,-0.00578499999999998,661.841590909091,16.8756058530511,10,2
"37","vaira",37,0.337046,0.33059,-0.00645599999999996,661.841590909091,16.8756058530511,10,2
"38","vaira",38,0.338029,0.33081,-0.00721900000000003,661.841590909091,16.8756058530511,10,2
"39","vaira",39,0.338972,0.33096,-0.00801200000000002,661.841590909091,16.8756058530511,10,2
"40","vaira",40,0.339848,0.331065,-0.00878299999999999,661.841590909091,16.8756058530511,10,2
"41","vaira",41,0.340628,0.331135,-0.00949299999999997,661.841590909091,16.8756058530511,10,2
"42","vaira",42,0.341325,0.33119,-0.010135,661.841590909091,16.8756058530511,10,2
"43","vaira",43,0.34199,0.331255,-0.0107350000000001,661.841590909091,16.8756058530511,10,2
"44","vaira",44,0.342613,0.33134,-0.011273,661.841590909091,16.8756058530511,10,2
"45","vaira",45,0.3432,0.331465,-0.011735,661.841590909091,16.8756058530511,10,2
"46","vaira",46,0.34375,0.331645,-0.012105,661.841590909091,16.8756058530511,10,2
"47","vaira",47,0.344275,0.331895,-0.01238,661.841590909091,16.8756058530511,10,2
"48","vaira",48,0.344772,0.332175,-0.012597,661.841590909091,16.8756058530511,10,2
"49","vaira",49,0.345232,0.33246,-0.012772,661.841590909091,16.8756058530511,10,2
"50","vaira",50,0.34565,0.332745,-0.0129050000000001,661.841590909091,16.8756058530511,10,2
"51","vaira",51,0.346022,0.333055,-0.012967,661.841590909091,16.8756058530511,10,2
"52","vaira",52,0.346335,0.3334,-0.012935,661.841590909091,16.8756058530511,10,2
"53","vaira",53,0.34658,0.33378,-0.0128,661.841590909091,16.8756058530511,10,2
"54","vaira",54,0.346792,0.334215,-0.012577,661.841590909091,16.8756058530511,10,2
"55","vaira",55,0.347009,0.334715,-0.012294,661.841590909091,16.8756058530511,10,2
"56","vaira",56,0.347245,0.33529,-0.011955,661.841590909091,16.8756058530511,10,2
"57","vaira",57,0.347527,0.33594,-0.011587,661.841590909091,16.8756058530511,10,2
"58","vaira",58,0.347872,0.336655,-0.011217,661.841590909091,16.8756058530511,10,2
"59","vaira",59,0.348306,0.33742,-0.010886,661.841590909091,16.8756058530511,10,2
"60","vaira",60,0.348854,0.33825,-0.010604,661.841590909091,16.8756058530511,10,2
"61","vaira",61,0.349536,0.33913,-0.010406,661.841590909091,16.8756058530511,10,2
"62","vaira",62,0.350344,0.340065,-0.010279,661.841590909091,16.8756058530511,10,2
"63","vaira",63,0.351266,0.34104,-0.010226,661.841590909091,16.8756058530511,10,2
"64","vaira",64,0.35232,0.34207,-0.01025,661.841590909091,16.8756058530511,10,2
"65","vaira",65,0.353528,0.343135,-0.010393,661.841590909091,16.8756058530511,10,2
"66","vaira",66,0.354874,0.34425,-0.010624,661.841590909091,16.8756058530511,10,2
"67","vaira",67,0.356339,0.345405,-0.0109340000000001,661.841590909091,16.8756058530511,10,2
"68","vaira",68,0.357878,0.34665,-0.011228,661.841590909091,16.8756058530511,10,2
"69","vaira",69,0.359459,0.34801,-0.0114489999999999,661.841590909091,16.8756058530511,10,2
"70","vaira",70,0.361153,0.349455,-0.011698,661.841590909091,16.8756058530511,10,2
"71","vaira",71,0.362942,0.35096,-0.0119819999999999,661.841590909091,16.8756058530511,10,2
"72","vaira",72,0.364733,0.3525,-0.0122329999999999,661.841590909091,16.8756058530511,10,2
"73","vaira",73,0.366423,0.354045,-0.012378,661.841590909091,16.8756058530511,10,2
"74","vaira",74,0.367947,0.355565,-0.012382,661.841590909091,16.8756058530511,10,2
"75","vaira",75,0.369283,0.357045,-0.012238,661.841590909091,16.8756058530511,10,2
"76","vaira",76,0.370603,0.35845,-0.012153,661.841590909091,16.8756058530511,10,2
"77","vaira",77,0.372014,0.35979,-0.012224,661.841590909091,16.8756058530511,10,2
"78","vaira",78,0.373382,0.361105,-0.012277,661.841590909091,16.8756058530511,10,2
"79","vaira",79,0.374582,0.36243,-0.0121519999999999,661.841590909091,16.8756058530511,10,2
"80","vaira",80,0.375535,0.36375,-0.011785,661.841590909091,16.8756058530511,10,2
"81","vaira",81,0.37629,0.365065,-0.011225,661.841590909091,16.8756058530511,10,2
"82","vaira",82,0.376946,0.366355,-0.010591,661.841590909091,16.8756058530511,10,2
"83","vaira",83,0.377497,0.367625,-0.00987200000000005,661.841590909091,16.8756058530511,10,2
"84","vaira",84,0.377918,0.36885,-0.00906799999999996,661.841590909091,16.8756058530511,10,2
"85","vaira",85,0.378181,0.37004,-0.00814099999999995,661.841590909091,16.8756058530511,10,2
"86","vaira",86,0.378286,0.37118,-0.007106,661.841590909091,16.8756058530511,10,2
"87","vaira",87,0.378254,0.37236,-0.00589399999999995,661.841590909091,16.8756058530511,10,2
"88","vaira",88,0.378098,0.37367,-0.00442799999999999,661.841590909091,16.8756058530511,10,2
"89","vaira",89,0.37784,0.375055,-0.00278499999999998,661.841590909091,16.8756058530511,10,2
"90","vaira",90,0.377484,0.376465,-0.00101899999999999,661.841590909091,16.8756058530511,10,2
"91","vaira",91,0.377082,0.377855,0.000772999999999968,661.841590909091,16.8756058530511,10,2
"92","vaira",92,0.376703,0.379165,0.00246199999999996,661.841590909091,16.8756058530511,10,2
"93","vaira",93,0.376338,0.380355,0.00401699999999999,661.841590909091,16.8756058530511,10,2
"94","vaira",94,0.376008,0.381365,0.00535699999999995,661.841590909091,16.8756058530511,10,2
"95","vaira",95,0.3757,0.38215,0.00644999999999996,661.841590909091,16.8756058530511,10,2
"96","vaira",96,0.375397,0.38266,0.00726300000000002,661.841590909091,16.8756058530511,10,2
"97","vaira",97,0.375107,0.382925,0.00781799999999994,661.841590909091,16.8756058530511,10,2
"98","vaira",98,0.374828,0.383105,0.00827700000000003,661.841590909091,16.8756058530511,10,2
"99","vaira",99,0.374572,0.38327,0.00869799999999998,661.841590909091,16.8756058530511,10,2
"100","vaira",100,0.37435,0.38339,0.00903999999999999,661.841590909091,16.8756058530511,10,2
"101","vaira",101,0.374187,0.383415,0.00922799999999996,661.841590909091,16.8756058530511,10,2
"102","vaira",102,0.37407,0.383315,0.00924499999999995,661.841590909091,16.8756058530511,10,2
"103","vaira",103,0.373956,0.383055,0.00909899999999997,661.841590909091,16.8756058530511,10,2
"104","vaira",104,0.373837,0.3826,0.00876300000000002,661.841590909091,16.8756058530511,10,2
"105","vaira",105,0.373708,0.38191,0.00820199999999999,661.841590909091,16.8756058530511,10,2
"106","vaira",106,0.373514,0.380945,0.00743099999999997,661.841590909091,16.8756058530511,10,2
"107","vaira",107,0.373214,0.37953,0.00631600000000004,661.841590909091,16.8756058530511,10,2
"108","vaira",108,0.372788,0.37757,0.00478199999999995,661.841590909091,16.8756058530511,10,2
"109","vaira",109,0.37221,0.375185,0.00297500000000001,661.841590909091,16.8756058530511,10,2
"110","vaira",110,0.371482,0.37248,0.000998000000000054,661.841590909091,16.8756058530511,10,2
"111","vaira",111,0.3707,0.36954,-0.00115999999999999,661.841590909091,16.8756058530511,10,2
"112","vaira",112,0.369929,0.36646,-0.003469,661.841590909091,16.8756058530511,10,2
"113","vaira",113,0.36915,0.36333,-0.00581999999999999,661.841590909091,16.8756058530511,10,2
"114","vaira",114,0.368369,0.360255,-0.00811400000000001,661.841590909091,16.8756058530511,10,2
"115","vaira",115,0.367475,0.357315,-0.0101599999999999,661.841590909091,16.8756058530511,10,2
"116","vaira",116,0.366377,0.354615,-0.011762,661.841590909091,16.8756058530511,10,2
"117","vaira",117,0.365068,0.35197,-0.013098,661.841590909091,16.8756058530511,10,2
"118","vaira",118,0.363555,0.349045,-0.01451,661.841590909091,16.8756058530511,10,2
"119","vaira",119,0.36188,0.345805,-0.016075,661.841590909091,16.8756058530511,10,2
"120","vaira",120,0.360036,0.34243,-0.017606,661.841590909091,16.8756058530511,10,2
"121","vaira",121,0.357955,0.33909,-0.018865,661.841590909091,16.8756058530511,10,2
"122","vaira",122,0.355669,0.335955,-0.019714,661.841590909091,16.8756058530511,10,2
"123","vaira",123,0.353235,0.333005,-0.02023,661.841590909091,16.8756058530511,10,2
"124","vaira",124,0.350721,0.3302,-0.020521,661.841590909091,16.8756058530511,10,2
"125","vaira",125,0.348183,0.32762,-0.020563,661.841590909091,16.8756058530511,10,2
"126","vaira",126,0.345659,0.32536,-0.020299,661.841590909091,16.8756058530511,10,2
"127","vaira",127,0.343156,0.323525,-0.019631,661.841590909091,16.8756058530511,10,2
"128","vaira",128,0.340697,0.32206,-0.018637,661.841590909091,16.8756058530511,10,2
"129","vaira",129,0.338347,0.320845,-0.017502,661.841590909091,16.8756058530511,10,2
"130","vaira",130,0.336103,0.319835,-0.016268,661.841590909091,16.8756058530511,10,2
"131","vaira",131,0.333904,0.31899,-0.014914,661.841590909091,16.8756058530511,10,2
"132","vaira",132,0.331737,0.318275,-0.013462,661.841590909091,16.8756058530511,10,2
"133","vaira",133,0.329615,0.317645,-0.01197,661.841590909091,16.8756058530511,10,2
"134","vaira",134,0.327557,0.317055,-0.010502,661.841590909091,16.8756058530511,10,2
"135","vaira",135,0.325567,0.316465,-0.009102,661.841590909091,16.8756058530511,10,2
"136","vaira",136,0.323665,0.31584,-0.00782499999999997,661.841590909091,16.8756058530511,10,2
"137","vaira",137,0.321872,0.31514,-0.00673200000000002,661.841590909091,16.8756058530511,10,2
"138","vaira",138,0.320191,0.314435,-0.00575599999999998,661.841590909091,16.8756058530511,10,2
"139","vaira",139,0.318636,0.31383,-0.00480599999999998,661.841590909091,16.8756058530511,10,2
"140","vaira",140,0.317205,0.313295,-0.00391000000000002,661.841590909091,16.8756058530511,10,2
"141","vaira",141,0.315871,0.31282,-0.00305100000000003,661.841590909091,16.8756058530511,10,2
"142","vaira",142,0.314624,0.312385,-0.00223899999999999,661.841590909091,16.8756058530511,10,2
"143","vaira",143,0.313456,0.311965,-0.00149100000000002,661.841590909091,16.8756058530511,10,2
"144","vaira",144,0.312354,0.311535,-0.000819000000000014,661.841590909091,16.8756058530511,10,2
"145","vaira",145,0.311288,0.311085,-0.000203000000000009,661.841590909091,16.8756058530511,10,2
"146","vaira",146,0.31024,0.310595,0.000354999999999994,661.841590909091,16.8756058530511,10,2
"147","vaira",147,0.309236,0.310035,0.000798999999999994,661.841590909091,16.8756058530511,10,2
"148","vaira",148,0.308286,0.30936,0.00107399999999996,661.841590909091,16.8756058530511,10,2
"149","vaira",149,0.307392,0.30857,0.00117800000000001,661.841590909091,16.8756058530511,10,2
"150","vaira",150,0.306562,0.307725,0.00116300000000003,661.841590909091,16.8756058530511,10,2
"151","vaira",151,0.305797,0.306895,0.00109800000000004,661.841590909091,16.8756058530511,10,2
"152","vaira",152,0.305091,0.306155,0.00106399999999995,661.841590909091,16.8756058530511,10,2
"153","vaira",153,0.304445,0.30556,0.00111500000000003,661.841590909091,16.8756058530511,10,2
"154","vaira",154,0.303854,0.30501,0.00115599999999999,661.841590909091,16.8756058530511,10,2
"155","vaira",155,0.303318,0.30441,0.00109199999999998,661.841590909091,16.8756058530511,10,2
"156","vaira",156,0.302841,0.303815,0.00097400000000003,661.841590909091,16.8756058530511,10,2
"157","vaira",157,0.302418,0.30328,0.000862000000000029,661.841590909091,16.8756058530511,10,2
"158","vaira",158,0.302061,0.302865,0.000803999999999971,661.841590909091,16.8756058530511,10,2
"159","vaira",159,0.301751,0.302585,0.000834000000000001,661.841590909091,16.8756058530511,10,2
"160","vaira",160,0.30148,0.30239,0.000910000000000022,661.841590909091,16.8756058530511,10,2
"161","vaira",161,0.30126,0.30227,0.00101000000000001,661.841590909091,16.8756058530511,10,2
"162","vaira",162,0.301105,0.30221,0.00110499999999997,661.841590909091,16.8756058530511,10,2
"163","vaira",163,0.301005,0.3022,0.001195,661.841590909091,16.8756058530511,10,2
"164","vaira",164,0.300945,0.30222,0.00127499999999997,661.841590909091,16.8756058530511,10,2
"165","vaira",165,0.300904,0.302265,0.001361,661.841590909091,16.8756058530511,10,2
"166","vaira",166,0.300902,0.302305,0.00140300000000004,661.841590909091,16.8756058530511,10,2
"167","vaira",167,0.300945,0.302345,0.00139999999999996,661.841590909091,16.8756058530511,10,2
"168","vaira",168,0.301016,0.30237,0.00135400000000002,661.841590909091,16.8756058530511,10,2
"169","vaira",169,0.301094,0.302405,0.00131100000000006,661.841590909091,16.8756058530511,10,2
"170","vaira",170,0.301161,0.30248,0.00131899999999996,661.841590909091,16.8756058530511,10,2
"171","vaira",171,0.301213,0.30259,0.00137700000000002,661.841590909091,16.8756058530511,10,2
"172","vaira",172,0.301263,0.302715,0.00145199999999995,661.841590909091,16.8756058530511,10,2
"173","vaira",173,0.30131,0.30287,0.00156000000000001,661.841590909091,16.8756058530511,10,2
"174","vaira",174,0.301345,0.30302,0.00167500000000004,661.841590909091,16.8756058530511,10,2
"175","vaira",175,0.301363,0.303165,0.00180200000000003,661.841590909091,16.8756058530511,10,2
"176","vaira",176,0.301374,0.303305,0.00193100000000007,661.841590909091,16.8756058530511,10,2
"177","vaira",177,0.301379,0.30342,0.00204100000000002,661.841590909091,16.8756058530511,10,2
"178","vaira",178,0.30138,0.30351,0.00213000000000002,661.841590909091,16.8756058530511,10,2
"179","vaira",179,0.301371,0.303585,0.00221399999999999,661.841590909091,16.8756058530511,10,2
"180","vaira",180,0.301355,0.303665,0.00230999999999998,661.841590909091,16.8756058530511,10,2
"181","vaira",181,0.301339,0.303745,0.00240600000000002,661.841590909091,16.8756058530511,10,2
"182","vaira",182,0.301324,0.303825,0.00250100000000003,661.841590909091,16.8756058530511,10,2
"183","vaira",183,0.301316,0.3039,0.00258399999999998,661.841590909091,16.8756058530511,10,2
"184","vaira",184,0.301309,0.30397,0.00266100000000002,661.841590909091,16.8756058530511,10,2
"185","vaira",185,0.3013,0.304035,0.00273499999999999,661.841590909091,16.8756058530511,10,2
"186","vaira",186,0.301284,0.304095,0.00281100000000001,661.841590909091,16.8756058530511,10,2
"187","vaira",187,0.301263,0.30413,0.00286700000000001,661.841590909091,16.8756058530511,10,2
"188","vaira",188,0.301238,0.30417,0.00293199999999999,661.841590909091,16.8756058530511,10,2
"189","vaira",189,0.30121,0.304195,0.00298500000000002,661.841590909091,16.8756058530511,10,2
"190","vaira",190,0.301183,0.30422,0.00303700000000001,661.841590909091,16.8756058530511,10,2
"191","vaira",191,0.301155,0.304235,0.00308000000000003,661.841590909091,16.8756058530511,10,2
"192","vaira",192,0.301127,0.304255,0.00312800000000002,661.841590909091,16.8756058530511,10,2
"193","vaira",193,0.301101,0.30426,0.00315899999999997,661.841590909091,16.8756058530511,10,2
"194","vaira",194,0.301073,0.30426,0.003187,661.841590909091,16.8756058530511,10,2
"195","vaira",195,0.301051,0.30426,0.00320899999999996,661.841590909091,16.8756058530511,10,2
"196","vaira",196,0.301028,0.30425,0.003222,661.841590909091,16.8756058530511,10,2
"197","vaira",197,0.301013,0.304235,0.00322200000000006,661.841590909091,16.8756058530511,10,2
"198","vaira",198,0.301,0.30421,0.00320999999999999,661.841590909091,16.8756058530511,10,2
"199","vaira",199,0.300982,0.304175,0.00319299999999995,661.841590909091,16.8756058530511,10,2
"200","vaira",200,0.300955,0.304125,0.00317000000000001,661.841590909091,16.8756058530511,10,2
"201","vaira",201,0.30091,0.304065,0.00315500000000002,661.841590909091,16.8756058530511,10,2
"202","vaira",202,0.300847,0.30401,0.00316300000000003,661.841590909091,16.8756058530511,10,2
"203","vaira",203,0.300776,0.30395,0.00317400000000001,661.841590909091,16.8756058530511,10,2
"204","vaira",204,0.30069,0.303895,0.00320500000000001,661.841590909091,16.8756058530511,10,2
"205","vaira",205,0.300595,0.30383,0.00323499999999999,661.841590909091,16.8756058530511,10,2
"206","vaira",206,0.300488,0.30377,0.00328200000000001,661.841590909091,16.8756058530511,10,2
"207","vaira",207,0.300375,0.303705,0.00333,661.841590909091,16.8756058530511,10,2
"208","vaira",208,0.300264,0.303645,0.00338100000000002,661.841590909091,16.8756058530511,10,2
"209","vaira",209,0.300156,0.30361,0.00345400000000007,661.841590909091,16.8756058530511,10,2
"210","vaira",210,0.300057,0.303605,0.003548,661.841590909091,16.8756058530511,10,2
"211","vaira",211,0.299966,0.303625,0.00365900000000002,661.841590909091,16.8756058530511,10,2
"212","vaira",212,0.299876,0.30365,0.003774,661.841590909091,16.8756058530511,10,2
"213","vaira",213,0.299791,0.30367,0.00387899999999997,661.841590909091,16.8756058530511,10,2
"214","vaira",214,0.299703,0.30368,0.00397699999999995,661.841590909091,16.8756058530511,10,2
"215","vaira",215,0.299618,0.303675,0.00405700000000003,661.841590909091,16.8756058530511,10,2
"216","vaira",216,0.299533,0.303635,0.00410199999999999,661.841590909091,16.8756058530511,10,2
"217","vaira",217,0.299449,0.30355,0.00410100000000002,661.841590909091,16.8756058530511,10,2
"218","vaira",218,0.299354,0.30342,0.00406600000000001,661.841590909091,16.8756058530511,10,2
"219","vaira",219,0.29925,0.30322,0.00397000000000003,661.841590909091,16.8756058530511,10,2
"220","vaira",220,0.299138,0.30296,0.00382199999999999,661.841590909091,16.8756058530511,10,2
"221","vaira",221,0.299023,0.302655,0.00363200000000002,661.841590909091,16.8756058530511,10,2
"222","vaira",222,0.298912,0.30232,0.00340800000000002,661.841590909091,16.8756058530511,10,2
"223","vaira",223,0.298809,0.301955,0.00314599999999998,661.841590909091,16.8756058530511,10,2
"224","vaira",224,0.298711,0.30159,0.00287900000000002,661.841590909091,16.8756058530511,10,2
"225","vaira",225,0.298622,0.30123,0.002608,661.841590909091,16.8756058530511,10,2
"226","vaira",226,0.298542,0.300895,0.00235300000000005,661.841590909091,16.8756058530511,10,2
"227","vaira",227,0.298474,0.30059,0.00211600000000001,661.841590909091,16.8756058530511,10,2
"228","vaira",228,0.298412,0.30033,0.00191799999999998,661.841590909091,16.8756058530511,10,2
"229","vaira",229,0.298352,0.300085,0.00173299999999998,661.841590909091,16.8756058530511,10,2
"230","vaira",230,0.298288,0.29981,0.00152200000000002,661.841590909091,16.8756058530511,10,2
"231","vaira",231,0.298219,0.29953,0.00131099999999995,661.841590909091,16.8756058530511,10,2
"232","vaira",232,0.298138,0.29926,0.00112199999999996,661.841590909091,16.8756058530511,10,2
"233","vaira",233,0.298063,0.299015,0.000952000000000064,661.841590909091,16.8756058530511,10,2
"234","vaira",234,0.297989,0.29881,0.000821000000000016,661.841590909091,16.8756058530511,10,2
"235","vaira",235,0.297916,0.29866,0.000744000000000022,661.841590909091,16.8756058530511,10,2
"236","vaira",236,0.297839,0.29855,0.000711000000000017,661.841590909091,16.8756058530511,10,2
"237","vaira",237,0.29775,0.29846,0.000709999999999988,661.841590909091,16.8756058530511,10,2
"238","vaira",238,0.297656,0.298355,0.000699000000000005,661.841590909091,16.8756058530511,10,2
"239","vaira",239,0.297563,0.298215,0.000651999999999986,661.841590909091,16.8756058530511,10,2
"240","vaira",240,0.297477,0.298045,0.000568000000000013,661.841590909091,16.8756058530511,10,2
"241","vaira",241,0.297399,0.29788,0.000481000000000065,661.841590909091,16.8756058530511,10,2
"242","vaira",242,0.29732,0.29772,0.000399999999999956,661.841590909091,16.8756058530511,10,2
"243","vaira",243,0.297244,0.297575,0.000331000000000026,661.841590909091,16.8756058530511,10,2
"244","vaira",244,0.297167,0.297435,0.00026799999999999,661.841590909091,16.8756058530511,10,2
"245","vaira",245,0.297097,0.297305,0.000207999999999986,661.841590909091,16.8756058530511,10,2
"246","vaira",246,0.297041,0.297195,0.000153999999999987,661.841590909091,16.8756058530511,10,2
"247","vaira",247,0.296989,0.297095,0.000105999999999995,661.841590909091,16.8756058530511,10,2
"248","vaira",248,0.296932,0.29701,7.80000000000225e-05,661.841590909091,16.8756058530511,10,2
"249","vaira",249,0.296876,0.296935,5.90000000000312e-05,661.841590909091,16.8756058530511,10,2
"250","vaira",250,0.29682,0.296855,3.50000000000072e-05,661.841590909091,16.8756058530511,10,2
"251","vaira",251,0.296769,0.296755,-1.4000000000014e-05,661.841590909091,16.8756058530511,10,2
"252","vaira",252,0.29673,0.296655,-7.49999999999917e-05,661.841590909091,16.8756058530511,10,2
"253","vaira",253,0.296704,0.29656,-0.000143999999999977,661.841590909091,16.8756058530511,10,2
"254","vaira",254,0.296689,0.296475,-0.000213999999999992,661.841590909091,16.8756058530511,10,2
"255","vaira",255,0.296692,0.296405,-0.000286999999999982,661.841590909091,16.8756058530511,10,2
"256","vaira",256,0.29671,0.29635,-0.000359999999999971,661.841590909091,16.8756058530511,10,2
"257","vaira",257,0.296748,0.296325,-0.000423000000000062,661.841590909091,16.8756058530511,10,2
"258","vaira",258,0.29681,0.296335,-0.000475000000000003,661.841590909091,16.8756058530511,10,2
"259","vaira",259,0.296881,0.29639,-0.000491000000000019,661.841590909091,16.8756058530511,10,2
"260","vaira",260,0.296962,0.296495,-0.000467000000000051,661.841590909091,16.8756058530511,10,2
"261","vaira",261,0.297053,0.29668,-0.000373000000000012,661.841590909091,16.8756058530511,10,2
"262","vaira",262,0.297151,0.296905,-0.000246000000000024,661.841590909091,16.8756058530511,10,2
"263","vaira",263,0.29726,0.297165,-9.49999999999562e-05,661.841590909091,16.8756058530511,10,2
"264","vaira",264,0.297376,0.29745,7.40000000000185e-05,661.841590909091,16.8756058530511,10,2
"265","vaira",265,0.297494,0.29773,0.000236000000000069,661.841590909091,16.8756058530511,10,2
"266","vaira",266,0.297604,0.298,0.000396000000000007,661.841590909091,16.8756058530511,10,2
"267","vaira",267,0.297712,0.298235,0.000523000000000051,661.841590909091,16.8756058530511,10,2
"268","vaira",268,0.297818,0.298425,0.000607000000000024,661.841590909091,16.8756058530511,10,2
"269","vaira",269,0.297924,0.298575,0.000651000000000013,661.841590909091,16.8756058530511,10,2
"270","vaira",270,0.298036,0.298675,0.000639000000000001,661.841590909091,16.8756058530511,10,2
"271","vaira",271,0.298148,0.29874,0.000592000000000037,661.841590909091,16.8756058530511,10,2
"272","vaira",272,0.298253,0.29878,0.000527,661.841590909091,16.8756058530511,10,2
"273","vaira",273,0.298358,0.298795,0.000437000000000021,661.841590909091,16.8756058530511,10,2
"274","vaira",274,0.298455,0.298785,0.000329999999999941,661.841590909091,16.8756058530511,10,2
"275","vaira",275,0.298549,0.29877,0.000220999999999971,661.841590909091,16.8756058530511,10,2
"276","vaira",276,0.298637,0.298745,0.000108000000000052,661.841590909091,16.8756058530511,10,2
"277","vaira",277,0.298707,0.298715,7.99999999995249e-06,661.841590909091,16.8756058530511,10,2
"278","vaira",278,0.298759,0.29869,-6.89999999999857e-05,661.841590909091,16.8756058530511,10,2
"279","vaira",279,0.298793,0.298675,-0.000117999999999951,661.841590909091,16.8756058530511,10,2
"280","vaira",280,0.298811,0.29865,-0.000161000000000022,661.841590909091,16.8756058530511,10,2
"281","vaira",281,0.29883,0.29864,-0.000189999999999968,661.841590909091,16.8756058530511,10,2
"282","vaira",282,0.298856,0.29864,-0.000215999999999994,661.841590909091,16.8756058530511,10,2
"283","vaira",283,0.2989,0.29866,-0.000239999999999962,661.841590909091,16.8756058530511,10,2
"284","vaira",284,0.298976,0.298705,-0.000271000000000021,661.841590909091,16.8756058530511,10,2
"285","vaira",285,0.299081,0.29876,-0.00032099999999996,661.841590909091,16.8756058530511,10,2
"286","vaira",286,0.299228,0.29881,-0.000417999999999974,661.841590909091,16.8756058530511,10,2
"287","vaira",287,0.299411,0.29885,-0.000561000000000034,661.841590909091,16.8756058530511,10,2
"288","vaira",288,0.299618,0.298875,-0.000742999999999994,661.841590909091,16.8756058530511,10,2
"289","vaira",289,0.299842,0.298885,-0.000957000000000041,661.841590909091,16.8756058530511,10,2
"290","vaira",290,0.30007,0.298885,-0.00118500000000005,661.841590909091,16.8756058530511,10,2
"291","vaira",291,0.30031,0.298865,-0.00144499999999997,661.841590909091,16.8756058530511,10,2
"292","vaira",292,0.30056,0.29884,-0.00172,661.841590909091,16.8756058530511,10,2
"293","vaira",293,0.300823,0.298805,-0.00201800000000002,661.841590909091,16.8756058530511,10,2
"294","vaira",294,0.301101,0.298765,-0.002336,661.841590909091,16.8756058530511,10,2
"295","vaira",295,0.301394,0.298725,-0.00266899999999998,661.841590909091,16.8756058530511,10,2
"296","vaira",296,0.301711,0.29868,-0.00303100000000001,661.841590909091,16.8756058530511,10,2
"297","vaira",297,0.302072,0.29863,-0.003442,661.841590909091,16.8756058530511,10,2
"298","vaira",298,0.302463,0.298585,-0.00387799999999999,661.841590909091,16.8756058530511,10,2
"299","vaira",299,0.302876,0.298545,-0.00433099999999997,661.841590909091,16.8756058530511,10,2
"300","vaira",300,0.303301,0.298485,-0.00481599999999999,661.841590909091,16.8756058530511,10,2
"301","vaira",301,0.303735,0.29839,-0.00534499999999999,661.841590909091,16.8756058530511,10,2
"302","vaira",302,0.304169,0.29827,-0.00589899999999999,661.841590909091,16.8756058530511,10,2
"303","vaira",303,0.30461,0.298145,-0.006465,661.841590909091,16.8756058530511,10,2
"304","vaira",304,0.305045,0.298015,-0.00702999999999998,661.841590909091,16.8756058530511,10,2
"305","vaira",305,0.305474,0.297885,-0.00758900000000007,661.841590909091,16.8756058530511,10,2
"306","vaira",306,0.305898,0.297785,-0.00811299999999998,661.841590909091,16.8756058530511,10,2
"307","vaira",307,0.306335,0.29772,-0.00861500000000004,661.841590909091,16.8756058530511,10,2
"308","vaira",308,0.306789,0.297685,-0.009104,661.841590909091,16.8756058530511,10,2
"309","vaira",309,0.307274,0.29771,-0.00956399999999996,661.841590909091,16.8756058530511,10,2
"310","vaira",310,0.307788,0.297775,-0.010013,661.841590909091,16.8756058530511,10,2
"311","vaira",311,0.308325,0.29786,-0.010465,661.841590909091,16.8756058530511,10,2
"312","vaira",312,0.308864,0.297965,-0.010899,661.841590909091,16.8756058530511,10,2
"313","vaira",313,0.3094,0.29808,-0.01132,661.841590909091,16.8756058530511,10,2
"314","vaira",314,0.309946,0.29821,-0.011736,661.841590909091,16.8756058530511,10,2
"315","vaira",315,0.310503,0.298355,-0.0121479999999999,661.841590909091,16.8756058530511,10,2
"316","vaira",316,0.311066,0.29856,-0.012506,661.841590909091,16.8756058530511,10,2
"317","vaira",317,0.311625,0.298845,-0.01278,661.841590909091,16.8756058530511,10,2
"318","vaira",318,0.312172,0.29918,-0.012992,661.841590909091,16.8756058530511,10,2
"319","vaira",319,0.312716,0.29951,-0.013206,661.841590909091,16.8756058530511,10,2
"320","vaira",320,0.313267,0.299815,-0.013452,661.841590909091,16.8756058530511,10,2
"321","vaira",321,0.313825,0.300115,-0.01371,661.841590909091,16.8756058530511,10,2
"322","vaira",322,0.314382,0.30046,-0.013922,661.841590909091,16.8756058530511,10,2
"323","vaira",323,0.31495,0.30084,-0.01411,661.841590909091,16.8756058530511,10,2
"324","vaira",324,0.315521,0.30124,-0.014281,661.841590909091,16.8756058530511,10,2
"325","vaira",325,0.316087,0.301645,-0.014442,661.841590909091,16.8756058530511,10,2
"326","vaira",326,0.316634,0.30204,-0.0145940000000001,661.841590909091,16.8756058530511,10,2
"327","vaira",327,0.317158,0.30242,-0.014738,661.841590909091,16.8756058530511,10,2
"328","vaira",328,0.317656,0.30277,-0.014886,661.841590909091,16.8756058530511,10,2
"329","vaira",329,0.318126,0.303065,-0.015061,661.841590909091,16.8756058530511,10,2
"330","vaira",330,0.318579,0.30332,-0.015259,661.841590909091,16.8756058530511,10,2
"331","vaira",331,0.319011,0.30354,-0.015471,661.841590909091,16.8756058530511,10,2
"332","vaira",332,0.319417,0.30373,-0.015687,661.841590909091,16.8756058530511,10,2
"333","vaira",333,0.319806,0.303895,-0.015911,661.841590909091,16.8756058530511,10,2
"334","vaira",334,0.320181,0.30403,-0.016151,661.841590909091,16.8756058530511,10,2
"335","vaira",335,0.320537,0.30415,-0.016387,661.841590909091,16.8756058530511,10,2
"336","vaira",336,0.320868,0.30425,-0.016618,661.841590909091,16.8756058530511,10,2
"337","vaira",337,0.321168,0.30434,-0.016828,661.841590909091,16.8756058530511,10,2
"338","vaira",338,0.321425,0.304415,-0.01701,661.841590909091,16.8756058530511,10,2
"339","vaira",339,0.321659,0.30449,-0.0171689999999999,661.841590909091,16.8756058530511,10,2
"340","vaira",340,0.3219,0.304565,-0.017335,661.841590909091,16.8756058530511,10,2
"341","vaira",341,0.322139,0.30464,-0.017499,661.841590909091,16.8756058530511,10,2
"342","vaira",342,0.32238,0.304705,-0.017675,661.841590909091,16.8756058530511,10,2
"343","vaira",343,0.322643,0.304755,-0.017888,661.841590909091,16.8756058530511,10,2
"344","vaira",344,0.322929,0.3048,-0.018129,661.841590909091,16.8756058530511,10,2
"345","vaira",345,0.323221,0.30484,-0.018381,661.841590909091,16.8756058530511,10,2
"346","vaira",346,0.32351,0.30488,-0.01863,661.841590909091,16.8756058530511,10,2
"347","vaira",347,0.323783,0.30492,-0.018863,661.841590909091,16.8756058530511,10,2
"348","vaira",348,0.324026,0.304965,-0.019061,661.841590909091,16.8756058530511,10,2
"349","vaira",349,0.32434,0.305005,-0.019335,661.841590909091,16.8756058530511,10,2
"350","vaira",350,0.324798,0.30505,-0.0197479999999999,661.841590909091,16.8756058530511,10,2
"351","vaira",351,0.325354,0.305095,-0.020259,661.841590909091,16.8756058530511,10,2
"352","vaira",352,0.325958,0.305145,-0.020813,661.841590909091,16.8756058530511,10,2
"353","vaira",353,0.326571,0.30519,-0.021381,661.841590909091,16.8756058530511,10,2
"354","vaira",354,0.327149,0.305235,-0.021914,661.841590909091,16.8756058530511,10,2
"355","vaira",355,0.327649,0.305285,-0.022364,661.841590909091,16.8756058530511,10,2
"356","vaira",356,0.32804,0.305325,-0.022715,661.841590909091,16.8756058530511,10,2
"357","vaira",357,0.328286,0.305365,-0.022921,661.841590909091,16.8756058530511,10,2
"358","vaira",358,0.328313,0.30539,-0.022923,661.841590909091,16.8756058530511,10,2
"359","vaira",359,0.328174,0.30541,-0.0227640000000001,661.841590909091,16.8756058530511,10,2
"360","vaira",360,0.327982,0.305425,-0.022557,661.841590909091,16.8756058530511,10,2
"361","vaira",361,0.327761,0.305405,-0.022356,661.841590909091,16.8756058530511,10,2
"362","vaira",362,0.327553,0.305375,-0.022178,661.841590909091,16.8756058530511,10,2
"363","vaira",363,0.327376,0.30532,-0.022056,661.841590909091,16.8756058530511,10,2
"364","vaira",364,0.327205,0.305265,-0.02194,661.841590909091,16.8756058530511,10,2
"365","vaira",365,0.327035,0.30521,-0.021825,661.841590909091,16.8756058530511,10,2
