"","site","year","doy","smooth_gcc_90","annual_temp","annual_precip","map","mat"
"1","spruceT4P13",2016,1,0.34584,5.40276712328767,977.99,867.735,4.72418493150685
"2","spruceT4P13",2016,2,0.34572,5.40276712328767,977.99,867.735,4.72418493150685
"3","spruceT4P13",2016,3,0.34566,5.40276712328767,977.99,867.735,4.72418493150685
"4","spruceT4P13",2016,4,0.3456,5.40276712328767,977.99,867.735,4.72418493150685
"5","spruceT4P13",2016,5,0.34551,5.40276712328767,977.99,867.735,4.72418493150685
"6","spruceT4P13",2016,6,0.34535,5.40276712328767,977.99,867.735,4.72418493150685
"7","spruceT4P13",2016,7,0.34505,5.40276712328767,977.99,867.735,4.72418493150685
"8","spruceT4P13",2016,8,0.34464,5.40276712328767,977.99,867.735,4.72418493150685
"9","spruceT4P13",2016,9,0.34422,5.40276712328767,977.99,867.735,4.72418493150685
"10","spruceT4P13",2016,10,0.34391,5.40276712328767,977.99,867.735,4.72418493150685
"11","spruceT4P13",2016,11,0.34359,5.40276712328767,977.99,867.735,4.72418493150685
"12","spruceT4P13",2016,12,0.34317,5.40276712328767,977.99,867.735,4.72418493150685
"13","spruceT4P13",2016,13,0.34274,5.40276712328767,977.99,867.735,4.72418493150685
"14","spruceT4P13",2016,14,0.3424,5.40276712328767,977.99,867.735,4.72418493150685
"15","spruceT4P13",2016,15,0.34224,5.40276712328767,977.99,867.735,4.72418493150685
"16","spruceT4P13",2016,16,0.3423,5.40276712328767,977.99,867.735,4.72418493150685
"17","spruceT4P13",2016,17,0.34249,5.40276712328767,977.99,867.735,4.72418493150685
"18","spruceT4P13",2016,18,0.34274,5.40276712328767,977.99,867.735,4.72418493150685
"19","spruceT4P13",2016,19,0.34297,5.40276712328767,977.99,867.735,4.72418493150685
"20","spruceT4P13",2016,20,0.34332,5.40276712328767,977.99,867.735,4.72418493150685
"21","spruceT4P13",2016,21,0.34388,5.40276712328767,977.99,867.735,4.72418493150685
"22","spruceT4P13",2016,22,0.34445,5.40276712328767,977.99,867.735,4.72418493150685
"23","spruceT4P13",2016,23,0.34486,5.40276712328767,977.99,867.735,4.72418493150685
"24","spruceT4P13",2016,24,0.34518,5.40276712328767,977.99,867.735,4.72418493150685
"25","spruceT4P13",2016,25,0.34558,5.40276712328767,977.99,867.735,4.72418493150685
"26","spruceT4P13",2016,26,0.34595,5.40276712328767,977.99,867.735,4.72418493150685
"27","spruceT4P13",2016,27,0.34621,5.40276712328767,977.99,867.735,4.72418493150685
"28","spruceT4P13",2016,28,0.34634,5.40276712328767,977.99,867.735,4.72418493150685
"29","spruceT4P13",2016,29,0.34641,5.40276712328767,977.99,867.735,4.72418493150685
"30","spruceT4P13",2016,30,0.34643,5.40276712328767,977.99,867.735,4.72418493150685
"31","spruceT4P13",2016,31,0.34639,5.40276712328767,977.99,867.735,4.72418493150685
"32","spruceT4P13",2016,32,0.34632,5.40276712328767,977.99,867.735,4.72418493150685
"33","spruceT4P13",2016,33,0.34612,5.40276712328767,977.99,867.735,4.72418493150685
"34","spruceT4P13",2016,34,0.34578,5.40276712328767,977.99,867.735,4.72418493150685
"35","spruceT4P13",2016,35,0.34543,5.40276712328767,977.99,867.735,4.72418493150685
"36","spruceT4P13",2016,36,0.34517,5.40276712328767,977.99,867.735,4.72418493150685
"37","spruceT4P13",2016,37,0.34491,5.40276712328767,977.99,867.735,4.72418493150685
"38","spruceT4P13",2016,38,0.34455,5.40276712328767,977.99,867.735,4.72418493150685
"39","spruceT4P13",2016,39,0.34418,5.40276712328767,977.99,867.735,4.72418493150685
"40","spruceT4P13",2016,40,0.34389,5.40276712328767,977.99,867.735,4.72418493150685
"41","spruceT4P13",2016,41,0.34376,5.40276712328767,977.99,867.735,4.72418493150685
"42","spruceT4P13",2016,42,0.34379,5.40276712328767,977.99,867.735,4.72418493150685
"43","spruceT4P13",2016,43,0.34391,5.40276712328767,977.99,867.735,4.72418493150685
"44","spruceT4P13",2016,44,0.34406,5.40276712328767,977.99,867.735,4.72418493150685
"45","spruceT4P13",2016,45,0.34421,5.40276712328767,977.99,867.735,4.72418493150685
"46","spruceT4P13",2016,46,0.34445,5.40276712328767,977.99,867.735,4.72418493150685
"47","spruceT4P13",2016,47,0.34485,5.40276712328767,977.99,867.735,4.72418493150685
"48","spruceT4P13",2016,48,0.34531,5.40276712328767,977.99,867.735,4.72418493150685
"49","spruceT4P13",2016,49,0.34573,5.40276712328767,977.99,867.735,4.72418493150685
"50","spruceT4P13",2016,50,0.34601,5.40276712328767,977.99,867.735,4.72418493150685
"51","spruceT4P13",2016,51,0.3462,5.40276712328767,977.99,867.735,4.72418493150685
"52","spruceT4P13",2016,52,0.34639,5.40276712328767,977.99,867.735,4.72418493150685
"53","spruceT4P13",2016,53,0.34656,5.40276712328767,977.99,867.735,4.72418493150685
"54","spruceT4P13",2016,54,0.34669,5.40276712328767,977.99,867.735,4.72418493150685
"55","spruceT4P13",2016,55,0.34662,5.40276712328767,977.99,867.735,4.72418493150685
"56","spruceT4P13",2016,56,0.34635,5.40276712328767,977.99,867.735,4.72418493150685
"57","spruceT4P13",2016,57,0.34608,5.40276712328767,977.99,867.735,4.72418493150685
"58","spruceT4P13",2016,58,0.34603,5.40276712328767,977.99,867.735,4.72418493150685
"59","spruceT4P13",2016,59,0.34608,5.40276712328767,977.99,867.735,4.72418493150685
"60","spruceT4P13",2016,60,0.34604,5.40276712328767,977.99,867.735,4.72418493150685
"61","spruceT4P13",2016,61,0.34607,5.40276712328767,977.99,867.735,4.72418493150685
"62","spruceT4P13",2016,62,0.34629,5.40276712328767,977.99,867.735,4.72418493150685
"63","spruceT4P13",2016,63,0.34678,5.40276712328767,977.99,867.735,4.72418493150685
"64","spruceT4P13",2016,64,0.34744,5.40276712328767,977.99,867.735,4.72418493150685
"65","spruceT4P13",2016,65,0.34822,5.40276712328767,977.99,867.735,4.72418493150685
"66","spruceT4P13",2016,66,0.34903,5.40276712328767,977.99,867.735,4.72418493150685
"67","spruceT4P13",2016,67,0.3498,5.40276712328767,977.99,867.735,4.72418493150685
"68","spruceT4P13",2016,68,0.35078,5.40276712328767,977.99,867.735,4.72418493150685
"69","spruceT4P13",2016,69,0.35206,5.40276712328767,977.99,867.735,4.72418493150685
"70","spruceT4P13",2016,70,0.35333,5.40276712328767,977.99,867.735,4.72418493150685
"71","spruceT4P13",2016,71,0.35427,5.40276712328767,977.99,867.735,4.72418493150685
"72","spruceT4P13",2016,72,0.35494,5.40276712328767,977.99,867.735,4.72418493150685
"73","spruceT4P13",2016,73,0.35561,5.40276712328767,977.99,867.735,4.72418493150685
"74","spruceT4P13",2016,74,0.35622,5.40276712328767,977.99,867.735,4.72418493150685
"75","spruceT4P13",2016,75,0.35673,5.40276712328767,977.99,867.735,4.72418493150685
"76","spruceT4P13",2016,76,0.35709,5.40276712328767,977.99,867.735,4.72418493150685
"77","spruceT4P13",2016,77,0.35721,5.40276712328767,977.99,867.735,4.72418493150685
"78","spruceT4P13",2016,78,0.35711,5.40276712328767,977.99,867.735,4.72418493150685
"79","spruceT4P13",2016,79,0.35695,5.40276712328767,977.99,867.735,4.72418493150685
"80","spruceT4P13",2016,80,0.35689,5.40276712328767,977.99,867.735,4.72418493150685
"81","spruceT4P13",2016,81,0.35681,5.40276712328767,977.99,867.735,4.72418493150685
"82","spruceT4P13",2016,82,0.35655,5.40276712328767,977.99,867.735,4.72418493150685
"83","spruceT4P13",2016,83,0.35622,5.40276712328767,977.99,867.735,4.72418493150685
"84","spruceT4P13",2016,84,0.35593,5.40276712328767,977.99,867.735,4.72418493150685
"85","spruceT4P13",2016,85,0.35578,5.40276712328767,977.99,867.735,4.72418493150685
"86","spruceT4P13",2016,86,0.35581,5.40276712328767,977.99,867.735,4.72418493150685
"87","spruceT4P13",2016,87,0.35594,5.40276712328767,977.99,867.735,4.72418493150685
"88","spruceT4P13",2016,88,0.3561,5.40276712328767,977.99,867.735,4.72418493150685
"89","spruceT4P13",2016,89,0.35621,5.40276712328767,977.99,867.735,4.72418493150685
"90","spruceT4P13",2016,90,0.35627,5.40276712328767,977.99,867.735,4.72418493150685
"91","spruceT4P13",2016,91,0.35633,5.40276712328767,977.99,867.735,4.72418493150685
"92","spruceT4P13",2016,92,0.35639,5.40276712328767,977.99,867.735,4.72418493150685
"93","spruceT4P13",2016,93,0.35646,5.40276712328767,977.99,867.735,4.72418493150685
"94","spruceT4P13",2016,94,0.35655,5.40276712328767,977.99,867.735,4.72418493150685
"95","spruceT4P13",2016,95,0.35651,5.40276712328767,977.99,867.735,4.72418493150685
"96","spruceT4P13",2016,96,0.35632,5.40276712328767,977.99,867.735,4.72418493150685
"97","spruceT4P13",2016,97,0.35618,5.40276712328767,977.99,867.735,4.72418493150685
"98","spruceT4P13",2016,98,0.35628,5.40276712328767,977.99,867.735,4.72418493150685
"99","spruceT4P13",2016,99,0.35666,5.40276712328767,977.99,867.735,4.72418493150685
"100","spruceT4P13",2016,100,0.35717,5.40276712328767,977.99,867.735,4.72418493150685
"101","spruceT4P13",2016,101,0.35776,5.40276712328767,977.99,867.735,4.72418493150685
"102","spruceT4P13",2016,102,0.35838,5.40276712328767,977.99,867.735,4.72418493150685
"103","spruceT4P13",2016,103,0.35898,5.40276712328767,977.99,867.735,4.72418493150685
"104","spruceT4P13",2016,104,0.35978,5.40276712328767,977.99,867.735,4.72418493150685
"105","spruceT4P13",2016,105,0.36085,5.40276712328767,977.99,867.735,4.72418493150685
"106","spruceT4P13",2016,106,0.36191,5.40276712328767,977.99,867.735,4.72418493150685
"107","spruceT4P13",2016,107,0.36268,5.40276712328767,977.99,867.735,4.72418493150685
"108","spruceT4P13",2016,108,0.3633,5.40276712328767,977.99,867.735,4.72418493150685
"109","spruceT4P13",2016,109,0.36401,5.40276712328767,977.99,867.735,4.72418493150685
"110","spruceT4P13",2016,110,0.36469,5.40276712328767,977.99,867.735,4.72418493150685
"111","spruceT4P13",2016,111,0.36521,5.40276712328767,977.99,867.735,4.72418493150685
"112","spruceT4P13",2016,112,0.36544,5.40276712328767,977.99,867.735,4.72418493150685
"113","spruceT4P13",2016,113,0.36516,5.40276712328767,977.99,867.735,4.72418493150685
"114","spruceT4P13",2016,114,0.36445,5.40276712328767,977.99,867.735,4.72418493150685
"115","spruceT4P13",2016,115,0.36368,5.40276712328767,977.99,867.735,4.72418493150685
"116","spruceT4P13",2016,116,0.36322,5.40276712328767,977.99,867.735,4.72418493150685
"117","spruceT4P13",2016,117,0.36284,5.40276712328767,977.99,867.735,4.72418493150685
"118","spruceT4P13",2016,118,0.36224,5.40276712328767,977.99,867.735,4.72418493150685
"119","spruceT4P13",2016,119,0.36161,5.40276712328767,977.99,867.735,4.72418493150685
"120","spruceT4P13",2016,120,0.36115,5.40276712328767,977.99,867.735,4.72418493150685
"121","spruceT4P13",2016,121,0.36107,5.40276712328767,977.99,867.735,4.72418493150685
"122","spruceT4P13",2016,122,0.36143,5.40276712328767,977.99,867.735,4.72418493150685
"123","spruceT4P13",2016,123,0.36203,5.40276712328767,977.99,867.735,4.72418493150685
"124","spruceT4P13",2016,124,0.36271,5.40276712328767,977.99,867.735,4.72418493150685
"125","spruceT4P13",2016,125,0.36331,5.40276712328767,977.99,867.735,4.72418493150685
"126","spruceT4P13",2016,126,0.36422,5.40276712328767,977.99,867.735,4.72418493150685
"127","spruceT4P13",2016,127,0.36562,5.40276712328767,977.99,867.735,4.72418493150685
"128","spruceT4P13",2016,128,0.36702,5.40276712328767,977.99,867.735,4.72418493150685
"129","spruceT4P13",2016,129,0.36796,5.40276712328767,977.99,867.735,4.72418493150685
"130","spruceT4P13",2016,130,0.36838,5.40276712328767,977.99,867.735,4.72418493150685
"131","spruceT4P13",2016,131,0.36865,5.40276712328767,977.99,867.735,4.72418493150685
"132","spruceT4P13",2016,132,0.36888,5.40276712328767,977.99,867.735,4.72418493150685
"133","spruceT4P13",2016,133,0.36919,5.40276712328767,977.99,867.735,4.72418493150685
"134","spruceT4P13",2016,134,0.36934,5.40276712328767,977.99,867.735,4.72418493150685
"135","spruceT4P13",2016,135,0.36918,5.40276712328767,977.99,867.735,4.72418493150685
"136","spruceT4P13",2016,136,0.36893,5.40276712328767,977.99,867.735,4.72418493150685
"137","spruceT4P13",2016,137,0.36885,5.40276712328767,977.99,867.735,4.72418493150685
"138","spruceT4P13",2016,138,0.36916,5.40276712328767,977.99,867.735,4.72418493150685
"139","spruceT4P13",2016,139,0.36986,5.40276712328767,977.99,867.735,4.72418493150685
"140","spruceT4P13",2016,140,0.37073,5.40276712328767,977.99,867.735,4.72418493150685
"141","spruceT4P13",2016,141,0.3717,5.40276712328767,977.99,867.735,4.72418493150685
"142","spruceT4P13",2016,142,0.37266,5.40276712328767,977.99,867.735,4.72418493150685
"143","spruceT4P13",2016,143,0.3739,5.40276712328767,977.99,867.735,4.72418493150685
"144","spruceT4P13",2016,144,0.37557,5.40276712328767,977.99,867.735,4.72418493150685
"145","spruceT4P13",2016,145,0.37739,5.40276712328767,977.99,867.735,4.72418493150685
"146","spruceT4P13",2016,146,0.37911,5.40276712328767,977.99,867.735,4.72418493150685
"147","spruceT4P13",2016,147,0.38043,5.40276712328767,977.99,867.735,4.72418493150685
"148","spruceT4P13",2016,148,0.38158,5.40276712328767,977.99,867.735,4.72418493150685
"149","spruceT4P13",2016,149,0.38284,5.40276712328767,977.99,867.735,4.72418493150685
"150","spruceT4P13",2016,150,0.38399,5.40276712328767,977.99,867.735,4.72418493150685
"151","spruceT4P13",2016,151,0.38484,5.40276712328767,977.99,867.735,4.72418493150685
"152","spruceT4P13",2016,152,0.38521,5.40276712328767,977.99,867.735,4.72418493150685
"153","spruceT4P13",2016,153,0.3852,5.40276712328767,977.99,867.735,4.72418493150685
"154","spruceT4P13",2016,154,0.38502,5.40276712328767,977.99,867.735,4.72418493150685
"155","spruceT4P13",2016,155,0.38486,5.40276712328767,977.99,867.735,4.72418493150685
"156","spruceT4P13",2016,156,0.38493,5.40276712328767,977.99,867.735,4.72418493150685
"157","spruceT4P13",2016,157,0.38518,5.40276712328767,977.99,867.735,4.72418493150685
"158","spruceT4P13",2016,158,0.38543,5.40276712328767,977.99,867.735,4.72418493150685
"159","spruceT4P13",2016,159,0.38565,5.40276712328767,977.99,867.735,4.72418493150685
"160","spruceT4P13",2016,160,0.38583,5.40276712328767,977.99,867.735,4.72418493150685
"161","spruceT4P13",2016,161,0.38603,5.40276712328767,977.99,867.735,4.72418493150685
"162","spruceT4P13",2016,162,0.38627,5.40276712328767,977.99,867.735,4.72418493150685
"163","spruceT4P13",2016,163,0.38647,5.40276712328767,977.99,867.735,4.72418493150685
"164","spruceT4P13",2016,164,0.38657,5.40276712328767,977.99,867.735,4.72418493150685
"165","spruceT4P13",2016,165,0.38666,5.40276712328767,977.99,867.735,4.72418493150685
"166","spruceT4P13",2016,166,0.38681,5.40276712328767,977.99,867.735,4.72418493150685
"167","spruceT4P13",2016,167,0.38693,5.40276712328767,977.99,867.735,4.72418493150685
"168","spruceT4P13",2016,168,0.38689,5.40276712328767,977.99,867.735,4.72418493150685
"169","spruceT4P13",2016,169,0.38668,5.40276712328767,977.99,867.735,4.72418493150685
"170","spruceT4P13",2016,170,0.38633,5.40276712328767,977.99,867.735,4.72418493150685
"171","spruceT4P13",2016,171,0.38589,5.40276712328767,977.99,867.735,4.72418493150685
"172","spruceT4P13",2016,172,0.38538,5.40276712328767,977.99,867.735,4.72418493150685
"173","spruceT4P13",2016,173,0.38485,5.40276712328767,977.99,867.735,4.72418493150685
"174","spruceT4P13",2016,174,0.38411,5.40276712328767,977.99,867.735,4.72418493150685
"175","spruceT4P13",2016,175,0.38313,5.40276712328767,977.99,867.735,4.72418493150685
"176","spruceT4P13",2016,176,0.38215,5.40276712328767,977.99,867.735,4.72418493150685
"177","spruceT4P13",2016,177,0.38143,5.40276712328767,977.99,867.735,4.72418493150685
"178","spruceT4P13",2016,178,0.38088,5.40276712328767,977.99,867.735,4.72418493150685
"179","spruceT4P13",2016,179,0.3803,5.40276712328767,977.99,867.735,4.72418493150685
"180","spruceT4P13",2016,180,0.37976,5.40276712328767,977.99,867.735,4.72418493150685
"181","spruceT4P13",2016,181,0.37934,5.40276712328767,977.99,867.735,4.72418493150685
"182","spruceT4P13",2016,182,0.37911,5.40276712328767,977.99,867.735,4.72418493150685
"183","spruceT4P13",2016,183,0.37908,5.40276712328767,977.99,867.735,4.72418493150685
"184","spruceT4P13",2016,184,0.37917,5.40276712328767,977.99,867.735,4.72418493150685
"185","spruceT4P13",2016,185,0.37933,5.40276712328767,977.99,867.735,4.72418493150685
"186","spruceT4P13",2016,186,0.37954,5.40276712328767,977.99,867.735,4.72418493150685
"187","spruceT4P13",2016,187,0.38006,5.40276712328767,977.99,867.735,4.72418493150685
"188","spruceT4P13",2016,188,0.38101,5.40276712328767,977.99,867.735,4.72418493150685
"189","spruceT4P13",2016,189,0.3821,5.40276712328767,977.99,867.735,4.72418493150685
"190","spruceT4P13",2016,190,0.38306,5.40276712328767,977.99,867.735,4.72418493150685
"191","spruceT4P13",2016,191,0.38359,5.40276712328767,977.99,867.735,4.72418493150685
"192","spruceT4P13",2016,192,0.38382,5.40276712328767,977.99,867.735,4.72418493150685
"193","spruceT4P13",2016,193,0.38402,5.40276712328767,977.99,867.735,4.72418493150685
"194","spruceT4P13",2016,194,0.38415,5.40276712328767,977.99,867.735,4.72418493150685
"195","spruceT4P13",2016,195,0.38415,5.40276712328767,977.99,867.735,4.72418493150685
"196","spruceT4P13",2016,196,0.38386,5.40276712328767,977.99,867.735,4.72418493150685
"197","spruceT4P13",2016,197,0.38328,5.40276712328767,977.99,867.735,4.72418493150685
"198","spruceT4P13",2016,198,0.38264,5.40276712328767,977.99,867.735,4.72418493150685
"199","spruceT4P13",2016,199,0.38217,5.40276712328767,977.99,867.735,4.72418493150685
"200","spruceT4P13",2016,200,0.38169,5.40276712328767,977.99,867.735,4.72418493150685
"201","spruceT4P13",2016,201,0.38104,5.40276712328767,977.99,867.735,4.72418493150685
"202","spruceT4P13",2016,202,0.38039,5.40276712328767,977.99,867.735,4.72418493150685
"203","spruceT4P13",2016,203,0.37993,5.40276712328767,977.99,867.735,4.72418493150685
"204","spruceT4P13",2016,204,0.37963,5.40276712328767,977.99,867.735,4.72418493150685
"205","spruceT4P13",2016,205,0.37936,5.40276712328767,977.99,867.735,4.72418493150685
"206","spruceT4P13",2016,206,0.37915,5.40276712328767,977.99,867.735,4.72418493150685
"207","spruceT4P13",2016,207,0.379,5.40276712328767,977.99,867.735,4.72418493150685
"208","spruceT4P13",2016,208,0.37894,5.40276712328767,977.99,867.735,4.72418493150685
"209","spruceT4P13",2016,209,0.37903,5.40276712328767,977.99,867.735,4.72418493150685
"210","spruceT4P13",2016,210,0.37927,5.40276712328767,977.99,867.735,4.72418493150685
"211","spruceT4P13",2016,211,0.37957,5.40276712328767,977.99,867.735,4.72418493150685
"212","spruceT4P13",2016,212,0.37982,5.40276712328767,977.99,867.735,4.72418493150685
"213","spruceT4P13",2016,213,0.38011,5.40276712328767,977.99,867.735,4.72418493150685
"214","spruceT4P13",2016,214,0.38054,5.40276712328767,977.99,867.735,4.72418493150685
"215","spruceT4P13",2016,215,0.38101,5.40276712328767,977.99,867.735,4.72418493150685
"216","spruceT4P13",2016,216,0.38142,5.40276712328767,977.99,867.735,4.72418493150685
"217","spruceT4P13",2016,217,0.3817,5.40276712328767,977.99,867.735,4.72418493150685
"218","spruceT4P13",2016,218,0.38199,5.40276712328767,977.99,867.735,4.72418493150685
"219","spruceT4P13",2016,219,0.3824,5.40276712328767,977.99,867.735,4.72418493150685
"220","spruceT4P13",2016,220,0.38275,5.40276712328767,977.99,867.735,4.72418493150685
"221","spruceT4P13",2016,221,0.38287,5.40276712328767,977.99,867.735,4.72418493150685
"222","spruceT4P13",2016,222,0.38278,5.40276712328767,977.99,867.735,4.72418493150685
"223","spruceT4P13",2016,223,0.38259,5.40276712328767,977.99,867.735,4.72418493150685
"224","spruceT4P13",2016,224,0.38233,5.40276712328767,977.99,867.735,4.72418493150685
"225","spruceT4P13",2016,225,0.38198,5.40276712328767,977.99,867.735,4.72418493150685
"226","spruceT4P13",2016,226,0.38155,5.40276712328767,977.99,867.735,4.72418493150685
"227","spruceT4P13",2016,227,0.38098,5.40276712328767,977.99,867.735,4.72418493150685
"228","spruceT4P13",2016,228,0.38031,5.40276712328767,977.99,867.735,4.72418493150685
"229","spruceT4P13",2016,229,0.37962,5.40276712328767,977.99,867.735,4.72418493150685
"230","spruceT4P13",2016,230,0.37903,5.40276712328767,977.99,867.735,4.72418493150685
"231","spruceT4P13",2016,231,0.37842,5.40276712328767,977.99,867.735,4.72418493150685
"232","spruceT4P13",2016,232,0.37772,5.40276712328767,977.99,867.735,4.72418493150685
"233","spruceT4P13",2016,233,0.37702,5.40276712328767,977.99,867.735,4.72418493150685
"234","spruceT4P13",2016,234,0.37642,5.40276712328767,977.99,867.735,4.72418493150685
"235","spruceT4P13",2016,235,0.37603,5.40276712328767,977.99,867.735,4.72418493150685
"236","spruceT4P13",2016,236,0.37593,5.40276712328767,977.99,867.735,4.72418493150685
"237","spruceT4P13",2016,237,0.37604,5.40276712328767,977.99,867.735,4.72418493150685
"238","spruceT4P13",2016,238,0.37623,5.40276712328767,977.99,867.735,4.72418493150685
"239","spruceT4P13",2016,239,0.37639,5.40276712328767,977.99,867.735,4.72418493150685
"240","spruceT4P13",2016,240,0.37672,5.40276712328767,977.99,867.735,4.72418493150685
"241","spruceT4P13",2016,241,0.37736,5.40276712328767,977.99,867.735,4.72418493150685
"242","spruceT4P13",2016,242,0.37809,5.40276712328767,977.99,867.735,4.72418493150685
"243","spruceT4P13",2016,243,0.37872,5.40276712328767,977.99,867.735,4.72418493150685
"244","spruceT4P13",2016,244,0.37903,5.40276712328767,977.99,867.735,4.72418493150685
"245","spruceT4P13",2016,245,0.37906,5.40276712328767,977.99,867.735,4.72418493150685
"246","spruceT4P13",2016,246,0.37905,5.40276712328767,977.99,867.735,4.72418493150685
"247","spruceT4P13",2016,247,0.37909,5.40276712328767,977.99,867.735,4.72418493150685
"248","spruceT4P13",2016,248,0.37927,5.40276712328767,977.99,867.735,4.72418493150685
"249","spruceT4P13",2016,249,0.37951,5.40276712328767,977.99,867.735,4.72418493150685
"250","spruceT4P13",2016,250,0.37969,5.40276712328767,977.99,867.735,4.72418493150685
"251","spruceT4P13",2016,251,0.37982,5.40276712328767,977.99,867.735,4.72418493150685
"252","spruceT4P13",2016,252,0.37991,5.40276712328767,977.99,867.735,4.72418493150685
"253","spruceT4P13",2016,253,0.37997,5.40276712328767,977.99,867.735,4.72418493150685
"254","spruceT4P13",2016,254,0.37993,5.40276712328767,977.99,867.735,4.72418493150685
"255","spruceT4P13",2016,255,0.37978,5.40276712328767,977.99,867.735,4.72418493150685
"256","spruceT4P13",2016,256,0.37959,5.40276712328767,977.99,867.735,4.72418493150685
"257","spruceT4P13",2016,257,0.37944,5.40276712328767,977.99,867.735,4.72418493150685
"258","spruceT4P13",2016,258,0.37933,5.40276712328767,977.99,867.735,4.72418493150685
"259","spruceT4P13",2016,259,0.37919,5.40276712328767,977.99,867.735,4.72418493150685
"260","spruceT4P13",2016,260,0.37905,5.40276712328767,977.99,867.735,4.72418493150685
"261","spruceT4P13",2016,261,0.37894,5.40276712328767,977.99,867.735,4.72418493150685
"262","spruceT4P13",2016,262,0.37886,5.40276712328767,977.99,867.735,4.72418493150685
"263","spruceT4P13",2016,263,0.3789,5.40276712328767,977.99,867.735,4.72418493150685
"264","spruceT4P13",2016,264,0.37904,5.40276712328767,977.99,867.735,4.72418493150685
"265","spruceT4P13",2016,265,0.37914,5.40276712328767,977.99,867.735,4.72418493150685
"266","spruceT4P13",2016,266,0.37906,5.40276712328767,977.99,867.735,4.72418493150685
"267","spruceT4P13",2016,267,0.37886,5.40276712328767,977.99,867.735,4.72418493150685
"268","spruceT4P13",2016,268,0.37865,5.40276712328767,977.99,867.735,4.72418493150685
"269","spruceT4P13",2016,269,0.37837,5.40276712328767,977.99,867.735,4.72418493150685
"270","spruceT4P13",2016,270,0.37799,5.40276712328767,977.99,867.735,4.72418493150685
"271","spruceT4P13",2016,271,0.37749,5.40276712328767,977.99,867.735,4.72418493150685
"272","spruceT4P13",2016,272,0.37689,5.40276712328767,977.99,867.735,4.72418493150685
"273","spruceT4P13",2016,273,0.37625,5.40276712328767,977.99,867.735,4.72418493150685
"274","spruceT4P13",2016,274,0.37564,5.40276712328767,977.99,867.735,4.72418493150685
"275","spruceT4P13",2016,275,0.37488,5.40276712328767,977.99,867.735,4.72418493150685
"276","spruceT4P13",2016,276,0.37386,5.40276712328767,977.99,867.735,4.72418493150685
"277","spruceT4P13",2016,277,0.37276,5.40276712328767,977.99,867.735,4.72418493150685
"278","spruceT4P13",2016,278,0.37175,5.40276712328767,977.99,867.735,4.72418493150685
"279","spruceT4P13",2016,279,0.371,5.40276712328767,977.99,867.735,4.72418493150685
"280","spruceT4P13",2016,280,0.37044,5.40276712328767,977.99,867.735,4.72418493150685
"281","spruceT4P13",2016,281,0.36992,5.40276712328767,977.99,867.735,4.72418493150685
"282","spruceT4P13",2016,282,0.36946,5.40276712328767,977.99,867.735,4.72418493150685
"283","spruceT4P13",2016,283,0.36912,5.40276712328767,977.99,867.735,4.72418493150685
"284","spruceT4P13",2016,284,0.36903,5.40276712328767,977.99,867.735,4.72418493150685
"285","spruceT4P13",2016,285,0.36921,5.40276712328767,977.99,867.735,4.72418493150685
"286","spruceT4P13",2016,286,0.3695,5.40276712328767,977.99,867.735,4.72418493150685
"287","spruceT4P13",2016,287,0.36974,5.40276712328767,977.99,867.735,4.72418493150685
"288","spruceT4P13",2016,288,0.36976,5.40276712328767,977.99,867.735,4.72418493150685
"289","spruceT4P13",2016,289,0.36959,5.40276712328767,977.99,867.735,4.72418493150685
"290","spruceT4P13",2016,290,0.3694,5.40276712328767,977.99,867.735,4.72418493150685
"291","spruceT4P13",2016,291,0.3692,5.40276712328767,977.99,867.735,4.72418493150685
"292","spruceT4P13",2016,292,0.36901,5.40276712328767,977.99,867.735,4.72418493150685
"293","spruceT4P13",2016,293,0.36885,5.40276712328767,977.99,867.735,4.72418493150685
"294","spruceT4P13",2016,294,0.36872,5.40276712328767,977.99,867.735,4.72418493150685
"295","spruceT4P13",2016,295,0.36858,5.40276712328767,977.99,867.735,4.72418493150685
"296","spruceT4P13",2016,296,0.36839,5.40276712328767,977.99,867.735,4.72418493150685
"297","spruceT4P13",2016,297,0.3681,5.40276712328767,977.99,867.735,4.72418493150685
"298","spruceT4P13",2016,298,0.36781,5.40276712328767,977.99,867.735,4.72418493150685
"299","spruceT4P13",2016,299,0.36755,5.40276712328767,977.99,867.735,4.72418493150685
"300","spruceT4P13",2016,300,0.36721,5.40276712328767,977.99,867.735,4.72418493150685
"301","spruceT4P13",2016,301,0.3667,5.40276712328767,977.99,867.735,4.72418493150685
"302","spruceT4P13",2016,302,0.36602,5.40276712328767,977.99,867.735,4.72418493150685
"303","spruceT4P13",2016,303,0.36528,5.40276712328767,977.99,867.735,4.72418493150685
"304","spruceT4P13",2016,304,0.36447,5.40276712328767,977.99,867.735,4.72418493150685
"305","spruceT4P13",2016,305,0.36361,5.40276712328767,977.99,867.735,4.72418493150685
"306","spruceT4P13",2016,306,0.36243,5.40276712328767,977.99,867.735,4.72418493150685
"307","spruceT4P13",2016,307,0.3609,5.40276712328767,977.99,867.735,4.72418493150685
"308","spruceT4P13",2016,308,0.35936,5.40276712328767,977.99,867.735,4.72418493150685
"309","spruceT4P13",2016,309,0.35818,5.40276712328767,977.99,867.735,4.72418493150685
"310","spruceT4P13",2016,310,0.35723,5.40276712328767,977.99,867.735,4.72418493150685
"311","spruceT4P13",2016,311,0.35621,5.40276712328767,977.99,867.735,4.72418493150685
"312","spruceT4P13",2016,312,0.35521,5.40276712328767,977.99,867.735,4.72418493150685
"313","spruceT4P13",2016,313,0.35432,5.40276712328767,977.99,867.735,4.72418493150685
"314","spruceT4P13",2016,314,0.35364,5.40276712328767,977.99,867.735,4.72418493150685
"315","spruceT4P13",2016,315,0.35326,5.40276712328767,977.99,867.735,4.72418493150685
"316","spruceT4P13",2016,316,0.35314,5.40276712328767,977.99,867.735,4.72418493150685
"317","spruceT4P13",2016,317,0.3531,5.40276712328767,977.99,867.735,4.72418493150685
"318","spruceT4P13",2016,318,0.35299,5.40276712328767,977.99,867.735,4.72418493150685
"319","spruceT4P13",2016,319,0.35288,5.40276712328767,977.99,867.735,4.72418493150685
"320","spruceT4P13",2016,320,0.3529,5.40276712328767,977.99,867.735,4.72418493150685
"321","spruceT4P13",2016,321,0.353,5.40276712328767,977.99,867.735,4.72418493150685
"322","spruceT4P13",2016,322,0.35312,5.40276712328767,977.99,867.735,4.72418493150685
"323","spruceT4P13",2016,323,0.35318,5.40276712328767,977.99,867.735,4.72418493150685
"324","spruceT4P13",2016,324,0.35326,5.40276712328767,977.99,867.735,4.72418493150685
"325","spruceT4P13",2016,325,0.35338,5.40276712328767,977.99,867.735,4.72418493150685
"326","spruceT4P13",2016,326,0.3535,5.40276712328767,977.99,867.735,4.72418493150685
"327","spruceT4P13",2016,327,0.35355,5.40276712328767,977.99,867.735,4.72418493150685
"328","spruceT4P13",2016,328,0.35361,5.40276712328767,977.99,867.735,4.72418493150685
"329","spruceT4P13",2016,329,0.35375,5.40276712328767,977.99,867.735,4.72418493150685
"330","spruceT4P13",2016,330,0.35389,5.40276712328767,977.99,867.735,4.72418493150685
"331","spruceT4P13",2016,331,0.35397,5.40276712328767,977.99,867.735,4.72418493150685
"332","spruceT4P13",2016,332,0.35389,5.40276712328767,977.99,867.735,4.72418493150685
"333","spruceT4P13",2016,333,0.35381,5.40276712328767,977.99,867.735,4.72418493150685
"334","spruceT4P13",2016,334,0.35379,5.40276712328767,977.99,867.735,4.72418493150685
"335","spruceT4P13",2016,335,0.3537,5.40276712328767,977.99,867.735,4.72418493150685
"336","spruceT4P13",2016,336,0.35339,5.40276712328767,977.99,867.735,4.72418493150685
"337","spruceT4P13",2016,337,0.35266,5.40276712328767,977.99,867.735,4.72418493150685
"338","spruceT4P13",2016,338,0.35158,5.40276712328767,977.99,867.735,4.72418493150685
"339","spruceT4P13",2016,339,0.35043,5.40276712328767,977.99,867.735,4.72418493150685
"340","spruceT4P13",2016,340,0.3495,5.40276712328767,977.99,867.735,4.72418493150685
"341","spruceT4P13",2016,341,0.34856,5.40276712328767,977.99,867.735,4.72418493150685
"342","spruceT4P13",2016,342,0.34739,5.40276712328767,977.99,867.735,4.72418493150685
"343","spruceT4P13",2016,343,0.34625,5.40276712328767,977.99,867.735,4.72418493150685
"344","spruceT4P13",2016,344,0.34543,5.40276712328767,977.99,867.735,4.72418493150685
"345","spruceT4P13",2016,345,0.34486,5.40276712328767,977.99,867.735,4.72418493150685
"346","spruceT4P13",2016,346,0.34432,5.40276712328767,977.99,867.735,4.72418493150685
"347","spruceT4P13",2016,347,0.34385,5.40276712328767,977.99,867.735,4.72418493150685
"348","spruceT4P13",2016,348,0.3435,5.40276712328767,977.99,867.735,4.72418493150685
"349","spruceT4P13",2016,349,0.34332,5.40276712328767,977.99,867.735,4.72418493150685
"350","spruceT4P13",2016,350,0.34345,5.40276712328767,977.99,867.735,4.72418493150685
"351","spruceT4P13",2016,351,0.34386,5.40276712328767,977.99,867.735,4.72418493150685
"352","spruceT4P13",2016,352,0.34435,5.40276712328767,977.99,867.735,4.72418493150685
"353","spruceT4P13",2016,353,0.3447,5.40276712328767,977.99,867.735,4.72418493150685
"354","spruceT4P13",2016,354,0.34508,5.40276712328767,977.99,867.735,4.72418493150685
"355","spruceT4P13",2016,355,0.34571,5.40276712328767,977.99,867.735,4.72418493150685
"356","spruceT4P13",2016,356,0.34642,5.40276712328767,977.99,867.735,4.72418493150685
"357","spruceT4P13",2016,357,0.34702,5.40276712328767,977.99,867.735,4.72418493150685
"358","spruceT4P13",2016,358,0.34736,5.40276712328767,977.99,867.735,4.72418493150685
"359","spruceT4P13",2016,359,0.34748,5.40276712328767,977.99,867.735,4.72418493150685
"360","spruceT4P13",2016,360,0.34753,5.40276712328767,977.99,867.735,4.72418493150685
"361","spruceT4P13",2016,361,0.34751,5.40276712328767,977.99,867.735,4.72418493150685
"362","spruceT4P13",2016,362,0.34741,5.40276712328767,977.99,867.735,4.72418493150685
"363","spruceT4P13",2016,363,0.34714,5.40276712328767,977.99,867.735,4.72418493150685
"364","spruceT4P13",2016,364,0.34667,5.40276712328767,977.99,867.735,4.72418493150685
"365","spruceT4P13",2016,365,0.3461,5.40276712328767,977.99,867.735,4.72418493150685
"366","spruceT4P13",2017,1,0.3451,4.04560273972603,757.48,867.735,4.72418493150685
"367","spruceT4P13",2017,2,0.34464,4.04560273972603,757.48,867.735,4.72418493150685
"368","spruceT4P13",2017,3,0.34406,4.04560273972603,757.48,867.735,4.72418493150685
"369","spruceT4P13",2017,4,0.34349,4.04560273972603,757.48,867.735,4.72418493150685
"370","spruceT4P13",2017,5,0.34309,4.04560273972603,757.48,867.735,4.72418493150685
"371","spruceT4P13",2017,6,0.34276,4.04560273972603,757.48,867.735,4.72418493150685
"372","spruceT4P13",2017,7,0.3424,4.04560273972603,757.48,867.735,4.72418493150685
"373","spruceT4P13",2017,8,0.34208,4.04560273972603,757.48,867.735,4.72418493150685
"374","spruceT4P13",2017,9,0.34186,4.04560273972603,757.48,867.735,4.72418493150685
"375","spruceT4P13",2017,10,0.34183,4.04560273972603,757.48,867.735,4.72418493150685
"376","spruceT4P13",2017,11,0.34206,4.04560273972603,757.48,867.735,4.72418493150685
"377","spruceT4P13",2017,12,0.34247,4.04560273972603,757.48,867.735,4.72418493150685
"378","spruceT4P13",2017,13,0.34296,4.04560273972603,757.48,867.735,4.72418493150685
"379","spruceT4P13",2017,14,0.34338,4.04560273972603,757.48,867.735,4.72418493150685
"380","spruceT4P13",2017,15,0.34391,4.04560273972603,757.48,867.735,4.72418493150685
"381","spruceT4P13",2017,16,0.34468,4.04560273972603,757.48,867.735,4.72418493150685
"382","spruceT4P13",2017,17,0.34552,4.04560273972603,757.48,867.735,4.72418493150685
"383","spruceT4P13",2017,18,0.34626,4.04560273972603,757.48,867.735,4.72418493150685
"384","spruceT4P13",2017,19,0.34673,4.04560273972603,757.48,867.735,4.72418493150685
"385","spruceT4P13",2017,20,0.34707,4.04560273972603,757.48,867.735,4.72418493150685
"386","spruceT4P13",2017,21,0.34742,4.04560273972603,757.48,867.735,4.72418493150685
"387","spruceT4P13",2017,22,0.34771,4.04560273972603,757.48,867.735,4.72418493150685
"388","spruceT4P13",2017,23,0.34785,4.04560273972603,757.48,867.735,4.72418493150685
"389","spruceT4P13",2017,24,0.34774,4.04560273972603,757.48,867.735,4.72418493150685
"390","spruceT4P13",2017,25,0.3474,4.04560273972603,757.48,867.735,4.72418493150685
"391","spruceT4P13",2017,26,0.34696,4.04560273972603,757.48,867.735,4.72418493150685
"392","spruceT4P13",2017,27,0.34651,4.04560273972603,757.48,867.735,4.72418493150685
"393","spruceT4P13",2017,28,0.34618,4.04560273972603,757.48,867.735,4.72418493150685
"394","spruceT4P13",2017,29,0.34578,4.04560273972603,757.48,867.735,4.72418493150685
"395","spruceT4P13",2017,30,0.34522,4.04560273972603,757.48,867.735,4.72418493150685
"396","spruceT4P13",2017,31,0.34466,4.04560273972603,757.48,867.735,4.72418493150685
"397","spruceT4P13",2017,32,0.3443,4.04560273972603,757.48,867.735,4.72418493150685
"398","spruceT4P13",2017,33,0.34412,4.04560273972603,757.48,867.735,4.72418493150685
"399","spruceT4P13",2017,34,0.34399,4.04560273972603,757.48,867.735,4.72418493150685
"400","spruceT4P13",2017,35,0.34391,4.04560273972603,757.48,867.735,4.72418493150685
"401","spruceT4P13",2017,36,0.34388,4.04560273972603,757.48,867.735,4.72418493150685
"402","spruceT4P13",2017,37,0.34392,4.04560273972603,757.48,867.735,4.72418493150685
"403","spruceT4P13",2017,38,0.34396,4.04560273972603,757.48,867.735,4.72418493150685
"404","spruceT4P13",2017,39,0.34399,4.04560273972603,757.48,867.735,4.72418493150685
"405","spruceT4P13",2017,40,0.34409,4.04560273972603,757.48,867.735,4.72418493150685
"406","spruceT4P13",2017,41,0.34434,4.04560273972603,757.48,867.735,4.72418493150685
"407","spruceT4P13",2017,42,0.34487,4.04560273972603,757.48,867.735,4.72418493150685
"408","spruceT4P13",2017,43,0.34561,4.04560273972603,757.48,867.735,4.72418493150685
"409","spruceT4P13",2017,44,0.34639,4.04560273972603,757.48,867.735,4.72418493150685
"410","spruceT4P13",2017,45,0.34701,4.04560273972603,757.48,867.735,4.72418493150685
"411","spruceT4P13",2017,46,0.3477,4.04560273972603,757.48,867.735,4.72418493150685
"412","spruceT4P13",2017,47,0.34862,4.04560273972603,757.48,867.735,4.72418493150685
"413","spruceT4P13",2017,48,0.3495,4.04560273972603,757.48,867.735,4.72418493150685
"414","spruceT4P13",2017,49,0.3501,4.04560273972603,757.48,867.735,4.72418493150685
"415","spruceT4P13",2017,50,0.3504,4.04560273972603,757.48,867.735,4.72418493150685
"416","spruceT4P13",2017,51,0.35058,4.04560273972603,757.48,867.735,4.72418493150685
"417","spruceT4P13",2017,52,0.35068,4.04560273972603,757.48,867.735,4.72418493150685
"418","spruceT4P13",2017,53,0.35074,4.04560273972603,757.48,867.735,4.72418493150685
"419","spruceT4P13",2017,54,0.3508,4.04560273972603,757.48,867.735,4.72418493150685
"420","spruceT4P13",2017,55,0.35075,4.04560273972603,757.48,867.735,4.72418493150685
"421","spruceT4P13",2017,56,0.35054,4.04560273972603,757.48,867.735,4.72418493150685
"422","spruceT4P13",2017,57,0.35028,4.04560273972603,757.48,867.735,4.72418493150685
"423","spruceT4P13",2017,58,0.3501,4.04560273972603,757.48,867.735,4.72418493150685
"424","spruceT4P13",2017,59,0.34992,4.04560273972603,757.48,867.735,4.72418493150685
"425","spruceT4P13",2017,60,0.34965,4.04560273972603,757.48,867.735,4.72418493150685
"426","spruceT4P13",2017,61,0.34934,4.04560273972603,757.48,867.735,4.72418493150685
"427","spruceT4P13",2017,62,0.34905,4.04560273972603,757.48,867.735,4.72418493150685
"428","spruceT4P13",2017,63,0.34884,4.04560273972603,757.48,867.735,4.72418493150685
"429","spruceT4P13",2017,64,0.34874,4.04560273972603,757.48,867.735,4.72418493150685
"430","spruceT4P13",2017,65,0.34868,4.04560273972603,757.48,867.735,4.72418493150685
"431","spruceT4P13",2017,66,0.34867,4.04560273972603,757.48,867.735,4.72418493150685
"432","spruceT4P13",2017,67,0.34868,4.04560273972603,757.48,867.735,4.72418493150685
"433","spruceT4P13",2017,68,0.34865,4.04560273972603,757.48,867.735,4.72418493150685
"434","spruceT4P13",2017,69,0.34855,4.04560273972603,757.48,867.735,4.72418493150685
"435","spruceT4P13",2017,70,0.34845,4.04560273972603,757.48,867.735,4.72418493150685
"436","spruceT4P13",2017,71,0.34842,4.04560273972603,757.48,867.735,4.72418493150685
"437","spruceT4P13",2017,72,0.34851,4.04560273972603,757.48,867.735,4.72418493150685
"438","spruceT4P13",2017,73,0.34872,4.04560273972603,757.48,867.735,4.72418493150685
"439","spruceT4P13",2017,74,0.34899,4.04560273972603,757.48,867.735,4.72418493150685
"440","spruceT4P13",2017,75,0.34931,4.04560273972603,757.48,867.735,4.72418493150685
"441","spruceT4P13",2017,76,0.34967,4.04560273972603,757.48,867.735,4.72418493150685
"442","spruceT4P13",2017,77,0.3502,4.04560273972603,757.48,867.735,4.72418493150685
"443","spruceT4P13",2017,78,0.35095,4.04560273972603,757.48,867.735,4.72418493150685
"444","spruceT4P13",2017,79,0.35172,4.04560273972603,757.48,867.735,4.72418493150685
"445","spruceT4P13",2017,80,0.35235,4.04560273972603,757.48,867.735,4.72418493150685
"446","spruceT4P13",2017,81,0.35286,4.04560273972603,757.48,867.735,4.72418493150685
"447","spruceT4P13",2017,82,0.35339,4.04560273972603,757.48,867.735,4.72418493150685
"448","spruceT4P13",2017,83,0.3539,4.04560273972603,757.48,867.735,4.72418493150685
"449","spruceT4P13",2017,84,0.35436,4.04560273972603,757.48,867.735,4.72418493150685
"450","spruceT4P13",2017,85,0.35476,4.04560273972603,757.48,867.735,4.72418493150685
"451","spruceT4P13",2017,86,0.35512,4.04560273972603,757.48,867.735,4.72418493150685
"452","spruceT4P13",2017,87,0.35546,4.04560273972603,757.48,867.735,4.72418493150685
"453","spruceT4P13",2017,88,0.35579,4.04560273972603,757.48,867.735,4.72418493150685
"454","spruceT4P13",2017,89,0.35612,4.04560273972603,757.48,867.735,4.72418493150685
"455","spruceT4P13",2017,90,0.3564,4.04560273972603,757.48,867.735,4.72418493150685
"456","spruceT4P13",2017,91,0.35661,4.04560273972603,757.48,867.735,4.72418493150685
"457","spruceT4P13",2017,92,0.35681,4.04560273972603,757.48,867.735,4.72418493150685
"458","spruceT4P13",2017,93,0.35709,4.04560273972603,757.48,867.735,4.72418493150685
"459","spruceT4P13",2017,94,0.35744,4.04560273972603,757.48,867.735,4.72418493150685
"460","spruceT4P13",2017,95,0.3578,4.04560273972603,757.48,867.735,4.72418493150685
"461","spruceT4P13",2017,96,0.35819,4.04560273972603,757.48,867.735,4.72418493150685
"462","spruceT4P13",2017,97,0.35858,4.04560273972603,757.48,867.735,4.72418493150685
"463","spruceT4P13",2017,98,0.359,4.04560273972603,757.48,867.735,4.72418493150685
"464","spruceT4P13",2017,99,0.3595,4.04560273972603,757.48,867.735,4.72418493150685
"465","spruceT4P13",2017,100,0.36008,4.04560273972603,757.48,867.735,4.72418493150685
"466","spruceT4P13",2017,101,0.36065,4.04560273972603,757.48,867.735,4.72418493150685
"467","spruceT4P13",2017,102,0.36111,4.04560273972603,757.48,867.735,4.72418493150685
"468","spruceT4P13",2017,103,0.36153,4.04560273972603,757.48,867.735,4.72418493150685
"469","spruceT4P13",2017,104,0.36202,4.04560273972603,757.48,867.735,4.72418493150685
"470","spruceT4P13",2017,105,0.3625,4.04560273972603,757.48,867.735,4.72418493150685
"471","spruceT4P13",2017,106,0.36291,4.04560273972603,757.48,867.735,4.72418493150685
"472","spruceT4P13",2017,107,0.36317,4.04560273972603,757.48,867.735,4.72418493150685
"473","spruceT4P13",2017,108,0.36322,4.04560273972603,757.48,867.735,4.72418493150685
"474","spruceT4P13",2017,109,0.36314,4.04560273972603,757.48,867.735,4.72418493150685
"475","spruceT4P13",2017,110,0.36301,4.04560273972603,757.48,867.735,4.72418493150685
"476","spruceT4P13",2017,111,0.36294,4.04560273972603,757.48,867.735,4.72418493150685
"477","spruceT4P13",2017,112,0.3628,4.04560273972603,757.48,867.735,4.72418493150685
"478","spruceT4P13",2017,113,0.36246,4.04560273972603,757.48,867.735,4.72418493150685
"479","spruceT4P13",2017,114,0.36212,4.04560273972603,757.48,867.735,4.72418493150685
"480","spruceT4P13",2017,115,0.36195,4.04560273972603,757.48,867.735,4.72418493150685
"481","spruceT4P13",2017,116,0.36185,4.04560273972603,757.48,867.735,4.72418493150685
"482","spruceT4P13",2017,117,0.36171,4.04560273972603,757.48,867.735,4.72418493150685
"483","spruceT4P13",2017,118,0.36161,4.04560273972603,757.48,867.735,4.72418493150685
"484","spruceT4P13",2017,119,0.36164,4.04560273972603,757.48,867.735,4.72418493150685
"485","spruceT4P13",2017,120,0.36174,4.04560273972603,757.48,867.735,4.72418493150685
"486","spruceT4P13",2017,121,0.36183,4.04560273972603,757.48,867.735,4.72418493150685
"487","spruceT4P13",2017,122,0.36196,4.04560273972603,757.48,867.735,4.72418493150685
"488","spruceT4P13",2017,123,0.36221,4.04560273972603,757.48,867.735,4.72418493150685
"489","spruceT4P13",2017,124,0.36262,4.04560273972603,757.48,867.735,4.72418493150685
"490","spruceT4P13",2017,125,0.36321,4.04560273972603,757.48,867.735,4.72418493150685
"491","spruceT4P13",2017,126,0.36392,4.04560273972603,757.48,867.735,4.72418493150685
"492","spruceT4P13",2017,127,0.36471,4.04560273972603,757.48,867.735,4.72418493150685
"493","spruceT4P13",2017,128,0.36558,4.04560273972603,757.48,867.735,4.72418493150685
"494","spruceT4P13",2017,129,0.36666,4.04560273972603,757.48,867.735,4.72418493150685
"495","spruceT4P13",2017,130,0.36798,4.04560273972603,757.48,867.735,4.72418493150685
"496","spruceT4P13",2017,131,0.36941,4.04560273972603,757.48,867.735,4.72418493150685
"497","spruceT4P13",2017,132,0.3708,4.04560273972603,757.48,867.735,4.72418493150685
"498","spruceT4P13",2017,133,0.37201,4.04560273972603,757.48,867.735,4.72418493150685
"499","spruceT4P13",2017,134,0.3732,4.04560273972603,757.48,867.735,4.72418493150685
"500","spruceT4P13",2017,135,0.3745,4.04560273972603,757.48,867.735,4.72418493150685
"501","spruceT4P13",2017,136,0.3758,4.04560273972603,757.48,867.735,4.72418493150685
"502","spruceT4P13",2017,137,0.37695,4.04560273972603,757.48,867.735,4.72418493150685
"503","spruceT4P13",2017,138,0.37799,4.04560273972603,757.48,867.735,4.72418493150685
"504","spruceT4P13",2017,139,0.37905,4.04560273972603,757.48,867.735,4.72418493150685
"505","spruceT4P13",2017,140,0.38006,4.04560273972603,757.48,867.735,4.72418493150685
"506","spruceT4P13",2017,141,0.38095,4.04560273972603,757.48,867.735,4.72418493150685
"507","spruceT4P13",2017,142,0.38167,4.04560273972603,757.48,867.735,4.72418493150685
"508","spruceT4P13",2017,143,0.38214,4.04560273972603,757.48,867.735,4.72418493150685
"509","spruceT4P13",2017,144,0.38242,4.04560273972603,757.48,867.735,4.72418493150685
"510","spruceT4P13",2017,145,0.38261,4.04560273972603,757.48,867.735,4.72418493150685
"511","spruceT4P13",2017,146,0.38284,4.04560273972603,757.48,867.735,4.72418493150685
"512","spruceT4P13",2017,147,0.38299,4.04560273972603,757.48,867.735,4.72418493150685
"513","spruceT4P13",2017,148,0.38295,4.04560273972603,757.48,867.735,4.72418493150685
"514","spruceT4P13",2017,149,0.38285,4.04560273972603,757.48,867.735,4.72418493150685
"515","spruceT4P13",2017,150,0.38281,4.04560273972603,757.48,867.735,4.72418493150685
"516","spruceT4P13",2017,151,0.38298,4.04560273972603,757.48,867.735,4.72418493150685
"517","spruceT4P13",2017,152,0.38325,4.04560273972603,757.48,867.735,4.72418493150685
"518","spruceT4P13",2017,153,0.38347,4.04560273972603,757.48,867.735,4.72418493150685
"519","spruceT4P13",2017,154,0.38373,4.04560273972603,757.48,867.735,4.72418493150685
"520","spruceT4P13",2017,155,0.38409,4.04560273972603,757.48,867.735,4.72418493150685
"521","spruceT4P13",2017,156,0.38472,4.04560273972603,757.48,867.735,4.72418493150685
"522","spruceT4P13",2017,157,0.38557,4.04560273972603,757.48,867.735,4.72418493150685
"523","spruceT4P13",2017,158,0.38651,4.04560273972603,757.48,867.735,4.72418493150685
"524","spruceT4P13",2017,159,0.38737,4.04560273972603,757.48,867.735,4.72418493150685
"525","spruceT4P13",2017,160,0.38799,4.04560273972603,757.48,867.735,4.72418493150685
"526","spruceT4P13",2017,161,0.3886,4.04560273972603,757.48,867.735,4.72418493150685
"527","spruceT4P13",2017,162,0.38937,4.04560273972603,757.48,867.735,4.72418493150685
"528","spruceT4P13",2017,163,0.39007,4.04560273972603,757.48,867.735,4.72418493150685
"529","spruceT4P13",2017,164,0.39048,4.04560273972603,757.48,867.735,4.72418493150685
"530","spruceT4P13",2017,165,0.39051,4.04560273972603,757.48,867.735,4.72418493150685
"531","spruceT4P13",2017,166,0.39027,4.04560273972603,757.48,867.735,4.72418493150685
"532","spruceT4P13",2017,167,0.38989,4.04560273972603,757.48,867.735,4.72418493150685
"533","spruceT4P13",2017,168,0.38948,4.04560273972603,757.48,867.735,4.72418493150685
"534","spruceT4P13",2017,169,0.38918,4.04560273972603,757.48,867.735,4.72418493150685
"535","spruceT4P13",2017,170,0.38883,4.04560273972603,757.48,867.735,4.72418493150685
"536","spruceT4P13",2017,171,0.3883,4.04560273972603,757.48,867.735,4.72418493150685
"537","spruceT4P13",2017,172,0.38775,4.04560273972603,757.48,867.735,4.72418493150685
"538","spruceT4P13",2017,173,0.3873,4.04560273972603,757.48,867.735,4.72418493150685
"539","spruceT4P13",2017,174,0.387,4.04560273972603,757.48,867.735,4.72418493150685
"540","spruceT4P13",2017,175,0.38674,4.04560273972603,757.48,867.735,4.72418493150685
"541","spruceT4P13",2017,176,0.38651,4.04560273972603,757.48,867.735,4.72418493150685
"542","spruceT4P13",2017,177,0.38624,4.04560273972603,757.48,867.735,4.72418493150685
"543","spruceT4P13",2017,178,0.38593,4.04560273972603,757.48,867.735,4.72418493150685
"544","spruceT4P13",2017,179,0.38551,4.04560273972603,757.48,867.735,4.72418493150685
"545","spruceT4P13",2017,180,0.38501,4.04560273972603,757.48,867.735,4.72418493150685
"546","spruceT4P13",2017,181,0.38452,4.04560273972603,757.48,867.735,4.72418493150685
"547","spruceT4P13",2017,182,0.38411,4.04560273972603,757.48,867.735,4.72418493150685
"548","spruceT4P13",2017,183,0.38373,4.04560273972603,757.48,867.735,4.72418493150685
"549","spruceT4P13",2017,184,0.38331,4.04560273972603,757.48,867.735,4.72418493150685
"550","spruceT4P13",2017,185,0.3829,4.04560273972603,757.48,867.735,4.72418493150685
"551","spruceT4P13",2017,186,0.38256,4.04560273972603,757.48,867.735,4.72418493150685
"552","spruceT4P13",2017,187,0.38226,4.04560273972603,757.48,867.735,4.72418493150685
"553","spruceT4P13",2017,188,0.38193,4.04560273972603,757.48,867.735,4.72418493150685
"554","spruceT4P13",2017,189,0.38164,4.04560273972603,757.48,867.735,4.72418493150685
"555","spruceT4P13",2017,190,0.38143,4.04560273972603,757.48,867.735,4.72418493150685
"556","spruceT4P13",2017,191,0.38138,4.04560273972603,757.48,867.735,4.72418493150685
"557","spruceT4P13",2017,192,0.38148,4.04560273972603,757.48,867.735,4.72418493150685
"558","spruceT4P13",2017,193,0.38165,4.04560273972603,757.48,867.735,4.72418493150685
"559","spruceT4P13",2017,194,0.38182,4.04560273972603,757.48,867.735,4.72418493150685
"560","spruceT4P13",2017,195,0.3819,4.04560273972603,757.48,867.735,4.72418493150685
"561","spruceT4P13",2017,196,0.382,4.04560273972603,757.48,867.735,4.72418493150685
"562","spruceT4P13",2017,197,0.38218,4.04560273972603,757.48,867.735,4.72418493150685
"563","spruceT4P13",2017,198,0.38232,4.04560273972603,757.48,867.735,4.72418493150685
"564","spruceT4P13",2017,199,0.38231,4.04560273972603,757.48,867.735,4.72418493150685
"565","spruceT4P13",2017,200,0.38211,4.04560273972603,757.48,867.735,4.72418493150685
"566","spruceT4P13",2017,201,0.38182,4.04560273972603,757.48,867.735,4.72418493150685
"567","spruceT4P13",2017,202,0.38148,4.04560273972603,757.48,867.735,4.72418493150685
"568","spruceT4P13",2017,203,0.38115,4.04560273972603,757.48,867.735,4.72418493150685
"569","spruceT4P13",2017,204,0.38087,4.04560273972603,757.48,867.735,4.72418493150685
"570","spruceT4P13",2017,205,0.38057,4.04560273972603,757.48,867.735,4.72418493150685
"571","spruceT4P13",2017,206,0.3802,4.04560273972603,757.48,867.735,4.72418493150685
"572","spruceT4P13",2017,207,0.37982,4.04560273972603,757.48,867.735,4.72418493150685
"573","spruceT4P13",2017,208,0.37951,4.04560273972603,757.48,867.735,4.72418493150685
"574","spruceT4P13",2017,209,0.37919,4.04560273972603,757.48,867.735,4.72418493150685
"575","spruceT4P13",2017,210,0.37879,4.04560273972603,757.48,867.735,4.72418493150685
"576","spruceT4P13",2017,211,0.37839,4.04560273972603,757.48,867.735,4.72418493150685
"577","spruceT4P13",2017,212,0.37805,4.04560273972603,757.48,867.735,4.72418493150685
"578","spruceT4P13",2017,213,0.37785,4.04560273972603,757.48,867.735,4.72418493150685
"579","spruceT4P13",2017,214,0.37783,4.04560273972603,757.48,867.735,4.72418493150685
"580","spruceT4P13",2017,215,0.37794,4.04560273972603,757.48,867.735,4.72418493150685
"581","spruceT4P13",2017,216,0.37811,4.04560273972603,757.48,867.735,4.72418493150685
"582","spruceT4P13",2017,217,0.37826,4.04560273972603,757.48,867.735,4.72418493150685
"583","spruceT4P13",2017,218,0.37848,4.04560273972603,757.48,867.735,4.72418493150685
"584","spruceT4P13",2017,219,0.37881,4.04560273972603,757.48,867.735,4.72418493150685
"585","spruceT4P13",2017,220,0.37916,4.04560273972603,757.48,867.735,4.72418493150685
"586","spruceT4P13",2017,221,0.3794,4.04560273972603,757.48,867.735,4.72418493150685
"587","spruceT4P13",2017,222,0.37957,4.04560273972603,757.48,867.735,4.72418493150685
"588","spruceT4P13",2017,223,0.37977,4.04560273972603,757.48,867.735,4.72418493150685
"589","spruceT4P13",2017,224,0.37994,4.04560273972603,757.48,867.735,4.72418493150685
"590","spruceT4P13",2017,225,0.38006,4.04560273972603,757.48,867.735,4.72418493150685
"591","spruceT4P13",2017,226,0.38017,4.04560273972603,757.48,867.735,4.72418493150685
"592","spruceT4P13",2017,227,0.38031,4.04560273972603,757.48,867.735,4.72418493150685
"593","spruceT4P13",2017,228,0.38045,4.04560273972603,757.48,867.735,4.72418493150685
"594","spruceT4P13",2017,229,0.38055,4.04560273972603,757.48,867.735,4.72418493150685
"595","spruceT4P13",2017,230,0.38054,4.04560273972603,757.48,867.735,4.72418493150685
"596","spruceT4P13",2017,231,0.38038,4.04560273972603,757.48,867.735,4.72418493150685
"597","spruceT4P13",2017,232,0.38008,4.04560273972603,757.48,867.735,4.72418493150685
"598","spruceT4P13",2017,233,0.37975,4.04560273972603,757.48,867.735,4.72418493150685
"599","spruceT4P13",2017,234,0.37948,4.04560273972603,757.48,867.735,4.72418493150685
"600","spruceT4P13",2017,235,0.37922,4.04560273972603,757.48,867.735,4.72418493150685
"601","spruceT4P13",2017,236,0.37888,4.04560273972603,757.48,867.735,4.72418493150685
"602","spruceT4P13",2017,237,0.37852,4.04560273972603,757.48,867.735,4.72418493150685
"603","spruceT4P13",2017,238,0.3782,4.04560273972603,757.48,867.735,4.72418493150685
"604","spruceT4P13",2017,239,0.37797,4.04560273972603,757.48,867.735,4.72418493150685
"605","spruceT4P13",2017,240,0.37793,4.04560273972603,757.48,867.735,4.72418493150685
"606","spruceT4P13",2017,241,0.37804,4.04560273972603,757.48,867.735,4.72418493150685
"607","spruceT4P13",2017,242,0.37813,4.04560273972603,757.48,867.735,4.72418493150685
"608","spruceT4P13",2017,243,0.37805,4.04560273972603,757.48,867.735,4.72418493150685
"609","spruceT4P13",2017,244,0.37771,4.04560273972603,757.48,867.735,4.72418493150685
"610","spruceT4P13",2017,245,0.37723,4.04560273972603,757.48,867.735,4.72418493150685
"611","spruceT4P13",2017,246,0.37671,4.04560273972603,757.48,867.735,4.72418493150685
"612","spruceT4P13",2017,247,0.37625,4.04560273972603,757.48,867.735,4.72418493150685
"613","spruceT4P13",2017,248,0.37597,4.04560273972603,757.48,867.735,4.72418493150685
"614","spruceT4P13",2017,249,0.37581,4.04560273972603,757.48,867.735,4.72418493150685
"615","spruceT4P13",2017,250,0.37568,4.04560273972603,757.48,867.735,4.72418493150685
"616","spruceT4P13",2017,251,0.3756,4.04560273972603,757.48,867.735,4.72418493150685
"617","spruceT4P13",2017,252,0.37558,4.04560273972603,757.48,867.735,4.72418493150685
"618","spruceT4P13",2017,253,0.37561,4.04560273972603,757.48,867.735,4.72418493150685
"619","spruceT4P13",2017,254,0.37565,4.04560273972603,757.48,867.735,4.72418493150685
"620","spruceT4P13",2017,255,0.37571,4.04560273972603,757.48,867.735,4.72418493150685
"621","spruceT4P13",2017,256,0.3758,4.04560273972603,757.48,867.735,4.72418493150685
"622","spruceT4P13",2017,257,0.37605,4.04560273972603,757.48,867.735,4.72418493150685
"623","spruceT4P13",2017,258,0.3765,4.04560273972603,757.48,867.735,4.72418493150685
"624","spruceT4P13",2017,259,0.37698,4.04560273972603,757.48,867.735,4.72418493150685
"625","spruceT4P13",2017,260,0.37732,4.04560273972603,757.48,867.735,4.72418493150685
"626","spruceT4P13",2017,261,0.37761,4.04560273972603,757.48,867.735,4.72418493150685
"627","spruceT4P13",2017,262,0.37797,4.04560273972603,757.48,867.735,4.72418493150685
"628","spruceT4P13",2017,263,0.37834,4.04560273972603,757.48,867.735,4.72418493150685
"629","spruceT4P13",2017,264,0.37864,4.04560273972603,757.48,867.735,4.72418493150685
"630","spruceT4P13",2017,265,0.37881,4.04560273972603,757.48,867.735,4.72418493150685
"631","spruceT4P13",2017,266,0.37882,4.04560273972603,757.48,867.735,4.72418493150685
"632","spruceT4P13",2017,267,0.37873,4.04560273972603,757.48,867.735,4.72418493150685
"633","spruceT4P13",2017,268,0.37857,4.04560273972603,757.48,867.735,4.72418493150685
"634","spruceT4P13",2017,269,0.3784,4.04560273972603,757.48,867.735,4.72418493150685
"635","spruceT4P13",2017,270,0.3783,4.04560273972603,757.48,867.735,4.72418493150685
"636","spruceT4P13",2017,271,0.37827,4.04560273972603,757.48,867.735,4.72418493150685
"637","spruceT4P13",2017,272,0.37822,4.04560273972603,757.48,867.735,4.72418493150685
"638","spruceT4P13",2017,273,0.37806,4.04560273972603,757.48,867.735,4.72418493150685
"639","spruceT4P13",2017,274,0.3777,4.04560273972603,757.48,867.735,4.72418493150685
"640","spruceT4P13",2017,275,0.37707,4.04560273972603,757.48,867.735,4.72418493150685
"641","spruceT4P13",2017,276,0.37622,4.04560273972603,757.48,867.735,4.72418493150685
"642","spruceT4P13",2017,277,0.37532,4.04560273972603,757.48,867.735,4.72418493150685
"643","spruceT4P13",2017,278,0.37448,4.04560273972603,757.48,867.735,4.72418493150685
"644","spruceT4P13",2017,279,0.37359,4.04560273972603,757.48,867.735,4.72418493150685
"645","spruceT4P13",2017,280,0.3725,4.04560273972603,757.48,867.735,4.72418493150685
"646","spruceT4P13",2017,281,0.37135,4.04560273972603,757.48,867.735,4.72418493150685
"647","spruceT4P13",2017,282,0.37025,4.04560273972603,757.48,867.735,4.72418493150685
"648","spruceT4P13",2017,283,0.36934,4.04560273972603,757.48,867.735,4.72418493150685
"649","spruceT4P13",2017,284,0.3685,4.04560273972603,757.48,867.735,4.72418493150685
"650","spruceT4P13",2017,285,0.36759,4.04560273972603,757.48,867.735,4.72418493150685
"651","spruceT4P13",2017,286,0.36674,4.04560273972603,757.48,867.735,4.72418493150685
"652","spruceT4P13",2017,287,0.36606,4.04560273972603,757.48,867.735,4.72418493150685
"653","spruceT4P13",2017,288,0.36561,4.04560273972603,757.48,867.735,4.72418493150685
"654","spruceT4P13",2017,289,0.36534,4.04560273972603,757.48,867.735,4.72418493150685
"655","spruceT4P13",2017,290,0.36515,4.04560273972603,757.48,867.735,4.72418493150685
"656","spruceT4P13",2017,291,0.36499,4.04560273972603,757.48,867.735,4.72418493150685
"657","spruceT4P13",2017,292,0.36479,4.04560273972603,757.48,867.735,4.72418493150685
"658","spruceT4P13",2017,293,0.36467,4.04560273972603,757.48,867.735,4.72418493150685
"659","spruceT4P13",2017,294,0.36471,4.04560273972603,757.48,867.735,4.72418493150685
"660","spruceT4P13",2017,295,0.36475,4.04560273972603,757.48,867.735,4.72418493150685
"661","spruceT4P13",2017,296,0.36466,4.04560273972603,757.48,867.735,4.72418493150685
"662","spruceT4P13",2017,297,0.36452,4.04560273972603,757.48,867.735,4.72418493150685
"663","spruceT4P13",2017,298,0.36446,4.04560273972603,757.48,867.735,4.72418493150685
"664","spruceT4P13",2017,299,0.3644,4.04560273972603,757.48,867.735,4.72418493150685
"665","spruceT4P13",2017,300,0.36426,4.04560273972603,757.48,867.735,4.72418493150685
"666","spruceT4P13",2017,301,0.36395,4.04560273972603,757.48,867.735,4.72418493150685
"667","spruceT4P13",2017,302,0.36341,4.04560273972603,757.48,867.735,4.72418493150685
"668","spruceT4P13",2017,303,0.36271,4.04560273972603,757.48,867.735,4.72418493150685
"669","spruceT4P13",2017,304,0.36195,4.04560273972603,757.48,867.735,4.72418493150685
"670","spruceT4P13",2017,305,0.36127,4.04560273972603,757.48,867.735,4.72418493150685
"671","spruceT4P13",2017,306,0.36054,4.04560273972603,757.48,867.735,4.72418493150685
"672","spruceT4P13",2017,307,0.35964,4.04560273972603,757.48,867.735,4.72418493150685
"673","spruceT4P13",2017,308,0.35869,4.04560273972603,757.48,867.735,4.72418493150685
"674","spruceT4P13",2017,309,0.35783,4.04560273972603,757.48,867.735,4.72418493150685
"675","spruceT4P13",2017,310,0.35717,4.04560273972603,757.48,867.735,4.72418493150685
"676","spruceT4P13",2017,311,0.35673,4.04560273972603,757.48,867.735,4.72418493150685
"677","spruceT4P13",2017,312,0.35637,4.04560273972603,757.48,867.735,4.72418493150685
"678","spruceT4P13",2017,313,0.35604,4.04560273972603,757.48,867.735,4.72418493150685
"679","spruceT4P13",2017,314,0.3557,4.04560273972603,757.48,867.735,4.72418493150685
"680","spruceT4P13",2017,315,0.35543,4.04560273972603,757.48,867.735,4.72418493150685
"681","spruceT4P13",2017,316,0.3553,4.04560273972603,757.48,867.735,4.72418493150685
"682","spruceT4P13",2017,317,0.35522,4.04560273972603,757.48,867.735,4.72418493150685
"683","spruceT4P13",2017,318,0.35512,4.04560273972603,757.48,867.735,4.72418493150685
"684","spruceT4P13",2017,319,0.35491,4.04560273972603,757.48,867.735,4.72418493150685
"685","spruceT4P13",2017,320,0.35465,4.04560273972603,757.48,867.735,4.72418493150685
"686","spruceT4P13",2017,321,0.35442,4.04560273972603,757.48,867.735,4.72418493150685
"687","spruceT4P13",2017,322,0.35417,4.04560273972603,757.48,867.735,4.72418493150685
"688","spruceT4P13",2017,323,0.35387,4.04560273972603,757.48,867.735,4.72418493150685
"689","spruceT4P13",2017,324,0.35338,4.04560273972603,757.48,867.735,4.72418493150685
"690","spruceT4P13",2017,325,0.35271,4.04560273972603,757.48,867.735,4.72418493150685
"691","spruceT4P13",2017,326,0.35204,4.04560273972603,757.48,867.735,4.72418493150685
"692","spruceT4P13",2017,327,0.35153,4.04560273972603,757.48,867.735,4.72418493150685
"693","spruceT4P13",2017,328,0.35117,4.04560273972603,757.48,867.735,4.72418493150685
"694","spruceT4P13",2017,329,0.35084,4.04560273972603,757.48,867.735,4.72418493150685
"695","spruceT4P13",2017,330,0.35054,4.04560273972603,757.48,867.735,4.72418493150685
"696","spruceT4P13",2017,331,0.35026,4.04560273972603,757.48,867.735,4.72418493150685
"697","spruceT4P13",2017,332,0.35003,4.04560273972603,757.48,867.735,4.72418493150685
"698","spruceT4P13",2017,333,0.34988,4.04560273972603,757.48,867.735,4.72418493150685
"699","spruceT4P13",2017,334,0.34976,4.04560273972603,757.48,867.735,4.72418493150685
"700","spruceT4P13",2017,335,0.34963,4.04560273972603,757.48,867.735,4.72418493150685
"701","spruceT4P13",2017,336,0.34947,4.04560273972603,757.48,867.735,4.72418493150685
"702","spruceT4P13",2017,337,0.34928,4.04560273972603,757.48,867.735,4.72418493150685
"703","spruceT4P13",2017,338,0.34909,4.04560273972603,757.48,867.735,4.72418493150685
"704","spruceT4P13",2017,339,0.34891,4.04560273972603,757.48,867.735,4.72418493150685
"705","spruceT4P13",2017,340,0.34874,4.04560273972603,757.48,867.735,4.72418493150685
"706","spruceT4P13",2017,341,0.3486,4.04560273972603,757.48,867.735,4.72418493150685
"707","spruceT4P13",2017,342,0.34849,4.04560273972603,757.48,867.735,4.72418493150685
"708","spruceT4P13",2017,343,0.34838,4.04560273972603,757.48,867.735,4.72418493150685
"709","spruceT4P13",2017,344,0.34824,4.04560273972603,757.48,867.735,4.72418493150685
"710","spruceT4P13",2017,345,0.34806,4.04560273972603,757.48,867.735,4.72418493150685
"711","spruceT4P13",2017,346,0.34789,4.04560273972603,757.48,867.735,4.72418493150685
"712","spruceT4P13",2017,347,0.34775,4.04560273972603,757.48,867.735,4.72418493150685
"713","spruceT4P13",2017,348,0.34759,4.04560273972603,757.48,867.735,4.72418493150685
"714","spruceT4P13",2017,349,0.34733,4.04560273972603,757.48,867.735,4.72418493150685
"715","spruceT4P13",2017,350,0.34695,4.04560273972603,757.48,867.735,4.72418493150685
"716","spruceT4P13",2017,351,0.3465,4.04560273972603,757.48,867.735,4.72418493150685
"717","spruceT4P13",2017,352,0.34601,4.04560273972603,757.48,867.735,4.72418493150685
"718","spruceT4P13",2017,353,0.34551,4.04560273972603,757.48,867.735,4.72418493150685
"719","spruceT4P13",2017,354,0.34503,4.04560273972603,757.48,867.735,4.72418493150685
"720","spruceT4P13",2017,355,0.34443,4.04560273972603,757.48,867.735,4.72418493150685
"721","spruceT4P13",2017,356,0.34366,4.04560273972603,757.48,867.735,4.72418493150685
"722","spruceT4P13",2017,357,0.34291,4.04560273972603,757.48,867.735,4.72418493150685
"723","spruceT4P13",2017,358,0.34235,4.04560273972603,757.48,867.735,4.72418493150685
"724","spruceT4P13",2017,359,0.34186,4.04560273972603,757.48,867.735,4.72418493150685
"725","spruceT4P13",2017,360,0.34129,4.04560273972603,757.48,867.735,4.72418493150685
"726","spruceT4P13",2017,361,0.34079,4.04560273972603,757.48,867.735,4.72418493150685
"727","spruceT4P13",2017,362,0.3405,4.04560273972603,757.48,867.735,4.72418493150685
"728","spruceT4P13",2017,363,0.34054,4.04560273972603,757.48,867.735,4.72418493150685
"729","spruceT4P13",2017,364,0.34081,4.04560273972603,757.48,867.735,4.72418493150685
"730","spruceT4P13",2017,365,0.34114,4.04560273972603,757.48,867.735,4.72418493150685
